game_id,season,game_type,week,gameday,weekday,gametime,away_team,away_score,home_team,home_score,location,result,total,overtime,old_game_id,gsis,nfl_detail_id,pfr,pff,espn,ftn,away_rest,home_rest,away_moneyline,home_moneyline,spread_line,away_spread_odds,home_spread_odds,total_line,under_odds,over_odds,div_game,roof,surface,temp,wind,away_qb_id,home_qb_id,away_qb_name,home_qb_name,away_coach,home_coach,referee,stadium_id,stadium,conf_game
2023_01_DET_KC,2023,REG,1,2023-09-07,Thursday,20:20,DET,21.0,KC,20.0,Home,-1.0,41.0,0.0,2023090700,,,202309070kan,,401547353,,7,7,164.0,-198.0,4.0,-110.0,-110.0,53.0,-110.0,-110.0,0,outdoors,,,,00-0033106,00-0033873,Jared Goff,Patrick Mahomes,Dan Campbell,Andy Reid,John Hussey,KAN00,GEHA Field at Arrowhead Stadium,False
2023_01_CAR_ATL,2023,REG,1,2023-09-10,Sunday,13:00,CAR,10.0,ATL,24.0,Home,14.0,34.0,0.0,2023091000,,,202309100atl,,401547403,,7,7,160.0,-192.0,3.5,-108.0,-112.0,40.5,-110.0,-110.0,1,closed,,,,00-0039150,00-0038122,Bryce Young,Desmond Ridder,Frank Reich,Arthur Smith,Brad Rogers,ATL97,Mercedes-Benz Stadium,True
2023_01_HOU_BAL,2023,REG,1,2023-09-10,Sunday,13:00,HOU,9.0,BAL,25.0,Home,16.0,34.0,0.0,2023091001,,,202309100rav,,401547396,,7,7,380.0,-500.0,9.5,-110.0,-110.0,43.5,-110.0,-110.0,0,outdoors,,,,00-0039163,00-0034796,C.J. Stroud,Lamar Jackson,DeMeco Ryans,John Harbaugh,Tra Blake,BAL00,M&T Bank Stadium,False
2023_01_CIN_CLE,2023,REG,1,2023-09-10,Sunday,13:00,CIN,3.0,CLE,24.0,Home,21.0,27.0,0.0,2023091002,,,202309100cle,,401547397,,7,7,-112.0,-108.0,-1.0,-105.0,-115.0,46.5,-110.0,-110.0,1,outdoors,,,,00-0036442,00-0033537,Joe Burrow,Deshaun Watson,Zac Taylor,Kevin Stefanski,Clete Blakeman,CLE00,FirstEnergy Stadium,True
2023_01_JAX_IND,2023,REG,1,2023-09-10,Sunday,13:00,JAX,31.0,IND,21.0,Home,-10.0,52.0,0.0,2023091003,,,202309100clt,,401547404,,7,7,-205.0,170.0,-4.0,-108.0,-112.0,45.5,-110.0,-110.0,1,closed,,,,00-0036971,00-0039164,Trevor Lawrence,Anthony Richardson,Doug Pederson,Shane Steichen,Clay Martin,IND00,Lucas Oil Stadium,True
2023_01_TB_MIN,2023,REG,1,2023-09-10,Sunday,13:00,TB,20.0,MIN,17.0,Home,-3.0,37.0,0.0,2023091004,,,202309100min,,401547398,,7,7,170.0,-205.0,4.0,-110.0,-110.0,45.0,-110.0,-110.0,0,dome,,,,00-0034855,00-0029604,Baker Mayfield,Kirk Cousins,Todd Bowles,Kevin O'Connell,Scott Novak,MIN01,U.S. Bank Stadium,False
2023_01_TEN_NO,2023,REG,1,2023-09-10,Sunday,13:00,TEN,15.0,NO,16.0,Home,1.0,31.0,0.0,2023091005,,,202309100nor,,401547399,,7,7,124.0,-148.0,3.0,-118.0,-102.0,41.0,-110.0,-110.0,0,dome,,,,00-0029701,00-0031280,Ryan Tannehill,Derek Carr,Mike Vrabel,Dennis Allen,Ron Torbert,NOR00,Mercedes-Benz Superdome,False
2023_01_SF_PIT,2023,REG,1,2023-09-10,Sunday,13:00,SF,30.0,PIT,7.0,Home,-23.0,37.0,0.0,2023091006,,,202309100pit,,401547405,,7,7,-120.0,100.0,-1.5,-108.0,-112.0,41.5,-110.0,-110.0,0,outdoors,,,,00-0037834,00-0038102,Brock Purdy,Kenny Pickett,Kyle Shanahan,Mike Tomlin,Alex Kemp,PIT00,Acrisure Stadium,False
2023_01_ARI_WAS,2023,REG,1,2023-09-10,Sunday,13:00,ARI,16.0,WAS,20.0,Home,4.0,36.0,0.0,2023091007,,,202309100was,,401547406,,7,7,270.0,-340.0,7.0,-108.0,-112.0,38.0,-110.0,-110.0,0,outdoors,,,,00-0033949,00-0037077,Joshua Dobbs,Sam Howell,Jonathan Gannon,Ron Rivera,Alan Eck,WAS00,FedExField,False
2023_01_GB_CHI,2023,REG,1,2023-09-10,Sunday,16:25,GB,38.0,CHI,20.0,Home,-18.0,58.0,0.0,2023091008,,,202309100chi,,401547407,,7,7,-102.0,-118.0,1.0,-110.0,-110.0,41.0,-112.0,-108.0,1,outdoors,,,,00-0036264,00-0036945,Jordan Love,Justin Fields,Matt LaFleur,Matt Eberflus,Craig Wrolstad,CHI98,Soldier Field,True
2023_01_LV_DEN,2023,REG,1,2023-09-10,Sunday,16:25,LV,17.0,DEN,16.0,Home,-1.0,33.0,0.0,2023091009,,,202309100den,,401547400,,7,7,136.0,-162.0,3.0,-105.0,-115.0,43.0,-110.0,-110.0,1,outdoors,,,,00-0031345,00-0029263,Jimmy Garoppolo,Russell Wilson,Josh McDaniels,Sean Payton,Bill Vinovich,DEN00,Empower Field at Mile High,True
2023_01_MIA_LAC,2023,REG,1,2023-09-10,Sunday,16:25,MIA,36.0,LAC,34.0,Home,-2.0,70.0,0.0,2023091010,,,202309100sdg,,401547401,,7,7,136.0,-162.0,3.0,-110.0,-110.0,50.5,-110.0,-110.0,0,dome,,,,00-0036212,00-0036355,Tua Tagovailoa,Justin Herbert,Mike McDaniel,Brandon Staley,Brad Allen,LAX01,SoFi Stadium,False
2023_01_PHI_NE,2023,REG,1,2023-09-10,Sunday,16:25,PHI,25.0,NE,20.0,Home,-5.0,45.0,0.0,2023091011,,,202309100nwe,,401547402,,7,7,-185.0,154.0,-3.5,-110.0,-110.0,44.5,-112.0,-108.0,0,outdoors,,,,00-0036389,00-0036972,Jalen Hurts,Mac Jones,Nick Sirianni,Bill Belichick,Shawn Hochuli,BOS00,Gillette Stadium,False
2023_01_LA_SEA,2023,REG,1,2023-09-10,Sunday,16:25,LA,30.0,SEA,13.0,Home,-17.0,43.0,0.0,2023091012,,,202309100sea,,401547408,,7,7,180.0,-218.0,4.5,-110.0,-110.0,45.0,-110.0,-110.0,1,outdoors,,,,00-0026498,00-0030565,Matthew Stafford,Geno Smith,Sean McVay,Pete Carroll,Shawn Smith,SEA00,Lumen Field,True
2023_01_DAL_NYG,2023,REG,1,2023-09-10,Sunday,20:20,DAL,40.0,NYG,0.0,Home,-40.0,40.0,0.0,2023091013,,,202309100nyg,,401547409,,7,7,-170.0,142.0,-3.5,100.0,-120.0,44.5,-110.0,-110.0,1,outdoors,,,,00-0033077,00-0035710,Dak Prescott,Daniel Jones,Mike McCarthy,Brian Daboll,Adrian Hill,NYC01,MetLife Stadium,True
2023_01_BUF_NYJ,2023,REG,1,2023-09-11,Monday,20:15,BUF,16.0,NYJ,22.0,Home,6.0,38.0,1.0,2023091100,,,202309110nyj,,401547352,,7,7,-135.0,114.0,-2.5,-110.0,-110.0,44.5,-110.0,-110.0,1,outdoors,,,,00-0034857,00-0023459,Josh Allen,Aaron Rodgers,Sean McDermott,Robert Saleh,Carl Cheffers,NYC01,MetLife Stadium,True
2023_02_MIN_PHI,2023,REG,2,2023-09-14,Thursday,20:15,MIN,28.0,PHI,34.0,Home,6.0,62.0,0.0,2023091400,,,202309140phi,,401547410,,4,4,195.0,-238.0,6.0,-110.0,-110.0,49.0,-110.0,-110.0,0,outdoors,,,,00-0029604,00-0036389,Kirk Cousins,Jalen Hurts,Kevin O'Connell,Nick Sirianni,Clay Martin,PHI00,Lincoln Financial Field,False
2023_02_GB_ATL,2023,REG,2,2023-09-17,Sunday,13:00,GB,24.0,ATL,25.0,Home,1.0,49.0,0.0,2023091700,,,202309170atl,,401547417,,7,7,124.0,-148.0,3.0,-115.0,-105.0,40.5,-110.0,-110.0,0,open,,,,00-0036264,00-0038122,Jordan Love,Desmond Ridder,Matt LaFleur,Arthur Smith,Tra Blake,ATL97,Mercedes-Benz Stadium,False
2023_02_LV_BUF,2023,REG,2,2023-09-17,Sunday,13:00,LV,10.0,BUF,38.0,Home,28.0,48.0,0.0,2023091701,,,202309170buf,,401547411,,7,6,280.0,-355.0,7.5,-110.0,-110.0,47.0,-110.0,-110.0,0,outdoors,,,,00-0031345,00-0034857,Jimmy Garoppolo,Josh Allen,Josh McDaniels,Sean McDermott,Craig Wrolstad,BUF00,New Era Field,False
2023_02_BAL_CIN,2023,REG,2,2023-09-17,Sunday,13:00,BAL,27.0,CIN,24.0,Home,-3.0,51.0,0.0,2023091702,,,202309170cin,,401547412,,7,7,145.0,-175.0,3.5,-118.0,-102.0,45.5,-110.0,-110.0,1,outdoors,,,,00-0034796,00-0036442,Lamar Jackson,Joe Burrow,John Harbaugh,Zac Taylor,Shawn Hochuli,CIN00,Paycor Stadium,True
2023_02_SEA_DET,2023,REG,2,2023-09-17,Sunday,13:00,SEA,37.0,DET,31.0,Home,-6.0,68.0,1.0,2023091703,,,202309170det,,401547418,,7,10,180.0,-218.0,4.5,-110.0,-110.0,47.5,-108.0,-112.0,0,dome,,,,00-0030565,00-0033106,Geno Smith,Jared Goff,Pete Carroll,Dan Campbell,Alex Kemp,DET00,Ford Field,False
2023_02_IND_HOU,2023,REG,2,2023-09-17,Sunday,13:00,IND,31.0,HOU,20.0,Home,-11.0,51.0,0.0,2023091704,,,202309170htx,,401547419,,7,7,-110.0,-110.0,-1.0,-105.0,-115.0,40.0,-110.0,-110.0,1,open,,,,00-0039164,00-0039163,Anthony Richardson,C.J. Stroud,Shane Steichen,DeMeco Ryans,Carl Cheffers,HOU00,NRG Stadium,True
2023_02_KC_JAX,2023,REG,2,2023-09-17,Sunday,13:00,KC,17.0,JAX,9.0,Home,-8.0,26.0,0.0,2023091705,,,202309170jax,,401547413,,10,7,-170.0,142.0,-3.5,-102.0,-118.0,50.5,-110.0,-110.0,0,outdoors,,,,00-0033873,00-0036971,Patrick Mahomes,Trevor Lawrence,Andy Reid,Doug Pederson,Adrian Hill,JAX00,TIAA Bank Stadium,False
2023_02_CHI_TB,2023,REG,2,2023-09-17,Sunday,13:00,CHI,17.0,TB,27.0,Home,10.0,44.0,0.0,2023091706,,,202309170tam,,401547420,,7,7,114.0,-135.0,2.5,-110.0,-110.0,41.0,-110.0,-110.0,0,outdoors,,,,00-0036945,00-0034855,Justin Fields,Baker Mayfield,Matt Eberflus,Todd Bowles,Bill Vinovich,TAM00,Raymond James Stadium,False
2023_02_LAC_TEN,2023,REG,2,2023-09-17,Sunday,13:00,LAC,24.0,TEN,27.0,Home,3.0,51.0,1.0,2023091707,,,202309170oti,,401547414,,7,7,-142.0,120.0,-2.5,-118.0,-102.0,45.5,-110.0,-110.0,0,outdoors,,,,00-0036355,00-0029701,Justin Herbert,Ryan Tannehill,Brandon Staley,Mike Vrabel,Alan Eck,NAS00,Nissan Stadium,False
2023_02_NYG_ARI,2023,REG,2,2023-09-17,Sunday,16:05,NYG,31.0,ARI,28.0,Home,-3.0,59.0,0.0,2023091708,,,202309170crd,,401547421,,7,7,-225.0,185.0,-5.0,-110.0,-110.0,40.0,-110.0,-110.0,0,closed,,,,00-0035710,00-0033949,Daniel Jones,Joshua Dobbs,Brian Daboll,Jonathan Gannon,Land Clark,PHO00,State Farm Stadium,False
2023_02_SF_LA,2023,REG,2,2023-09-17,Sunday,16:05,SF,30.0,LA,23.0,Home,-7.0,53.0,0.0,2023091709,,,202309170ram,,401547422,,7,7,-340.0,270.0,-7.5,-105.0,-115.0,45.0,-110.0,-110.0,1,dome,,,,00-0037834,00-0026498,Brock Purdy,Matthew Stafford,Kyle Shanahan,Sean McVay,Brad Allen,LAX01,SoFi Stadium,True
2023_02_NYJ_DAL,2023,REG,2,2023-09-17,Sunday,16:25,NYJ,10.0,DAL,30.0,Home,20.0,40.0,0.0,2023091710,,,202309170dal,,401547415,,6,7,300.0,-380.0,8.5,-110.0,-110.0,38.5,-110.0,-110.0,0,open,,,,00-0037013,00-0033077,Zach Wilson,Dak Prescott,Robert Saleh,Mike McCarthy,Clete Blakeman,DAL00,AT&T Stadium,False
2023_02_WAS_DEN,2023,REG,2,2023-09-17,Sunday,16:25,WAS,35.0,DEN,33.0,Home,-2.0,68.0,0.0,2023091711,,,202309170den,,401547416,,7,7,164.0,-198.0,4.0,-110.0,-110.0,38.5,-110.0,-110.0,0,outdoors,,,,00-0037077,00-0029263,Sam Howell,Russell Wilson,Ron Rivera,Sean Payton,Brad Rogers,DEN00,Empower Field at Mile High,False
2023_02_MIA_NE,2023,REG,2,2023-09-17,Sunday,20:20,MIA,24.0,NE,17.0,Home,-7.0,41.0,0.0,2023091712,,,202309170nwe,,401547423,,7,7,-130.0,110.0,-2.0,-112.0,-108.0,46.5,-112.0,-108.0,1,outdoors,,,,00-0036212,00-0036972,Tua Tagovailoa,Mac Jones,Mike McDaniel,Bill Belichick,Shawn Smith,BOS00,Gillette Stadium,True
2023_02_NO_CAR,2023,REG,2,2023-09-18,Monday,19:15,NO,20.0,CAR,17.0,Home,-3.0,37.0,0.0,2023091800,,,202309180car,,401547425,,8,8,-175.0,145.0,-3.0,-118.0,-102.0,39.5,-108.0,-112.0,1,outdoors,,,,00-0031280,00-0039150,Derek Carr,Bryce Young,Dennis Allen,Frank Reich,Scott Novak,CAR00,Bank of America Stadium,True
2023_02_CLE_PIT,2023,REG,2,2023-09-18,Monday,20:15,CLE,22.0,PIT,26.0,Home,4.0,48.0,0.0,2023091801,,,202309180pit,,401547424,,8,8,-148.0,124.0,-2.5,-115.0,-105.0,39.0,-110.0,-110.0,1,outdoors,,,,00-0033537,00-0038102,Deshaun Watson,Kenny Pickett,Kevin Stefanski,Mike Tomlin,Ron Torbert,PIT00,Acrisure Stadium,True
2023_03_NYG_SF,2023,REG,3,2023-09-21,Thursday,20:15,NYG,12.0,SF,30.0,Home,18.0,42.0,0.0,2023092100,,,202309210sfo,,401547426,,4,4,400.0,-535.0,10.5,-105.0,-115.0,43.5,-108.0,-112.0,0,outdoors,grass,77.0,13.0,00-0035710,00-0037834,Daniel Jones,Brock Purdy,Brian Daboll,Kyle Shanahan,Shawn Hochuli,SFO01,Levi's Stadium,False
2023_03_IND_BAL,2023,REG,3,2023-09-24,Sunday,13:00,IND,22.0,BAL,19.0,Home,-3.0,41.0,1.0,2023092400,,,202309240rav,,401547427,,7,7,300.0,-380.0,7.5,-110.0,-110.0,43.5,-110.0,-110.0,0,outdoors,grass,68.0,3.0,00-0035289,00-0034796,Gardner Minshew,Lamar Jackson,Shane Steichen,John Harbaugh,Clete Blakeman,BAL00,M&T Bank Stadium,False
2023_03_TEN_CLE,2023,REG,3,2023-09-24,Sunday,13:00,TEN,3.0,CLE,27.0,Home,24.0,30.0,0.0,2023092401,,,202309240cle,,401547428,,7,6,154.0,-185.0,3.5,-110.0,-110.0,38.0,-110.0,-110.0,0,outdoors,grass,68.0,5.0,00-0029701,00-0033537,Ryan Tannehill,Deshaun Watson,Mike Vrabel,Kevin Stefanski,Craig Wrolstad,CLE00,FirstEnergy Stadium,False
2023_03_ATL_DET,2023,REG,3,2023-09-24,Sunday,13:00,ATL,6.0,DET,20.0,Home,14.0,26.0,0.0,2023092402,,,202309240det,,401547433,,7,7,140.0,-166.0,3.0,100.0,-120.0,47.5,-108.0,-112.0,0,dome,fieldturf,,,00-0038122,00-0033106,Desmond Ridder,Jared Goff,Arthur Smith,Dan Campbell,Carl Cheffers,DET00,Ford Field,False
2023_03_NO_GB,2023,REG,3,2023-09-24,Sunday,13:00,NO,17.0,GB,18.0,Home,1.0,35.0,0.0,2023092403,,,202309240gnb,,401547434,,6,7,-125.0,105.0,-1.5,-110.0,-110.0,41.5,-110.0,-110.0,0,outdoors,grass,68.0,10.0,00-0031280,00-0036264,Derek Carr,Jordan Love,Dennis Allen,Matt LaFleur,Brad Rogers,GNB00,Lambeau Field,False
2023_03_HOU_JAX,2023,REG,3,2023-09-24,Sunday,13:00,HOU,37.0,JAX,17.0,Home,-20.0,54.0,0.0,2023092404,,,202309240jax,,401547435,,7,7,300.0,-380.0,7.5,-110.0,-110.0,43.5,-110.0,-110.0,1,outdoors,grass,84.0,6.0,00-0039163,00-0036971,C.J. Stroud,Trevor Lawrence,DeMeco Ryans,Doug Pederson,Scott Novak,JAX00,TIAA Bank Stadium,True
2023_03_DEN_MIA,2023,REG,3,2023-09-24,Sunday,13:00,DEN,20.0,MIA,70.0,Home,50.0,90.0,0.0,2023092405,,,202309240mia,,401547429,,7,7,205.0,-250.0,6.0,-110.0,-110.0,47.5,-110.0,-110.0,0,outdoors,grass,86.0,5.0,00-0029263,00-0036212,Russell Wilson,Tua Tagovailoa,Sean Payton,Mike McDaniel,Clay Martin,MIA00,Hard Rock Stadium,False
2023_03_LAC_MIN,2023,REG,3,2023-09-24,Sunday,13:00,LAC,28.0,MIN,24.0,Home,-4.0,52.0,0.0,2023092406,,,202309240min,,401547436,,7,10,-110.0,-110.0,1.0,-115.0,-105.0,54.0,-110.0,-110.0,0,dome,sportturf,,,00-0036355,00-0029604,Justin Herbert,Kirk Cousins,Brandon Staley,Kevin O'Connell,Shawn Smith,MIN01,U.S. Bank Stadium,False
2023_03_NE_NYJ,2023,REG,3,2023-09-24,Sunday,13:00,NE,15.0,NYJ,10.0,Home,-5.0,25.0,0.0,2023092407,,,202309240nyj,,401547430,,7,7,-142.0,120.0,-2.5,-112.0,-108.0,35.5,-110.0,-110.0,1,outdoors,fieldturf,64.0,14.0,00-0036972,00-0037013,Mac Jones,Zach Wilson,Bill Belichick,Robert Saleh,Bill Vinovich,NYC01,MetLife Stadium,True
2023_03_BUF_WAS,2023,REG,3,2023-09-24,Sunday,13:00,BUF,37.0,WAS,3.0,Home,-34.0,40.0,0.0,2023092408,,,202309240was,,401547431,,7,7,-245.0,200.0,-5.5,-115.0,-105.0,44.0,-108.0,-112.0,0,outdoors,grass,65.0,1.0,00-0034857,00-0037077,Josh Allen,Sam Howell,Sean McDermott,Ron Rivera,Land Clark,WAS00,FedExField,False
2023_03_CAR_SEA,2023,REG,3,2023-09-24,Sunday,16:05,CAR,27.0,SEA,37.0,Home,10.0,64.0,0.0,2023092409,,,202309240sea,,401547432,,6,7,185.0,-225.0,5.0,-110.0,-110.0,42.5,-110.0,-110.0,0,outdoors,fieldturf,61.0,2.0,00-0027973,00-0030565,Andy Dalton,Geno Smith,Frank Reich,Pete Carroll,Ron Torbert,SEA00,Lumen Field,False
2023_03_DAL_ARI,2023,REG,3,2023-09-24,Sunday,16:25,DAL,16.0,ARI,28.0,Home,12.0,44.0,0.0,2023092410,,,202309240crd,,401547437,,7,7,-650.0,470.0,-11.5,-110.0,-110.0,43.5,-110.0,-110.0,0,open,grass,,,00-0033077,00-0033949,Dak Prescott,Joshua Dobbs,Mike McCarthy,Jonathan Gannon,Alex Kemp,PHO00,State Farm Stadium,False
2023_03_CHI_KC,2023,REG,3,2023-09-24,Sunday,16:25,CHI,10.0,KC,41.0,Home,31.0,51.0,0.0,2023092411,,,202309240kan,,401547438,,7,7,525.0,-750.0,13.0,-110.0,-110.0,48.0,-110.0,-110.0,0,outdoors,grass,,,00-0036945,00-0033873,Justin Fields,Patrick Mahomes,Matt Eberflus,Andy Reid,Alan Eck,KAN00,GEHA Field at Arrowhead Stadium,False
2023_03_PIT_LV,2023,REG,3,2023-09-24,Sunday,20:20,PIT,23.0,LV,18.0,Home,-5.0,41.0,0.0,2023092412,,,202309240rai,,401547439,,6,7,124.0,-148.0,3.0,-110.0,-110.0,43.5,-110.0,-110.0,0,dome,grass,,,00-0038102,00-0031345,Kenny Pickett,Jimmy Garoppolo,Mike Tomlin,Josh McDaniels,Tra Blake,VEG00,Allegiant Stadium,False
2023_03_PHI_TB,2023,REG,3,2023-09-25,Monday,19:15,PHI,25.0,TB,11.0,Home,-14.0,36.0,0.0,2023092500,,,202309250tam,,401547440,,11,8,-258.0,210.0,-6.0,-110.0,-110.0,44.0,-108.0,-112.0,0,outdoors,grass,90.0,4.0,00-0036389,00-0034855,Jalen Hurts,Baker Mayfield,Nick Sirianni,Todd Bowles,Adrian Hill,TAM00,Raymond James Stadium,False
2023_03_LA_CIN,2023,REG,3,2023-09-25,Monday,20:15,LA,16.0,CIN,19.0,Home,3.0,35.0,0.0,2023092501,,,202309250cin,,401547441,,8,8,136.0,-162.0,3.0,100.0,-120.0,45.5,-108.0,-112.0,0,outdoors,fieldturf,74.0,7.0,00-0026498,00-0036442,Matthew Stafford,Joe Burrow,Sean McVay,Zac Taylor,John Hussey,CIN00,Paycor Stadium,False
2023_04_DET_GB,2023,REG,4,2023-09-28,Thursday,20:15,DET,34.0,GB,20.0,Home,-14.0,54.0,0.0,2023092800,,,202309280gnb,,401547442,,4,4,-142.0,120.0,-2.5,-118.0,-102.0,45.0,-110.0,-110.0,1,outdoors,grass,64.0,8.0,00-0033106,00-0036264,Jared Goff,Jordan Love,Dan Campbell,Matt LaFleur,Alan Eck,GNB00,Lambeau Field,True
2023_04_ATL_JAX,2023,REG,4,2023-10-01,Sunday,09:30,ATL,7.0,JAX,23.0,Neutral,16.0,30.0,0.0,2023100100,,,202310010jax,,401547227,,7,7,154.0,-185.0,3.5,-110.0,-110.0,42.5,-112.0,-108.0,0,outdoors,,,,00-0038122,00-0036971,Desmond Ridder,Trevor Lawrence,Arthur Smith,Doug Pederson,Craig Wrolstad,JAX00,TIAA Bank Stadium,False
2023_04_MIA_BUF,2023,REG,4,2023-10-01,Sunday,13:00,MIA,20.0,BUF,48.0,Home,28.0,68.0,0.0,2023100101,,,202310010buf,,401547443,,7,7,120.0,-142.0,2.5,100.0,-120.0,53.0,-110.0,-110.0,1,outdoors,a_turf,70.0,2.0,00-0036212,00-0034857,Tua Tagovailoa,Josh Allen,Mike McDaniel,Sean McDermott,Adrian Hill,BUF00,New Era Field,True
2023_04_MIN_CAR,2023,REG,4,2023-10-01,Sunday,13:00,MIN,21.0,CAR,13.0,Home,-8.0,34.0,0.0,2023100102,,,202310010car,,401547448,,7,7,-225.0,185.0,-4.5,-112.0,-108.0,46.5,-110.0,-110.0,0,outdoors,grass,78.0,7.0,00-0029604,00-0039150,Kirk Cousins,Bryce Young,Kevin O'Connell,Frank Reich,Tra Blake,CAR00,Bank of America Stadium,False
2023_04_DEN_CHI,2023,REG,4,2023-10-01,Sunday,13:00,DEN,31.0,CHI,28.0,Home,-3.0,59.0,0.0,2023100103,,,202310010chi,,401547444,,7,7,-162.0,136.0,-3.0,-112.0,-108.0,47.0,-110.0,-110.0,0,outdoors,grass,80.0,2.0,00-0029263,00-0036945,Russell Wilson,Justin Fields,Sean Payton,Matt Eberflus,Carl Cheffers,CHI98,Soldier Field,False
2023_04_BAL_CLE,2023,REG,4,2023-10-01,Sunday,13:00,BAL,28.0,CLE,3.0,Home,-25.0,31.0,0.0,2023100104,,,202310010cle,,401547445,,7,7,-135.0,114.0,-2.0,-110.0,-110.0,38.5,-110.0,-110.0,1,outdoors,grass,71.0,7.0,00-0034796,00-0038583,Lamar Jackson,Dorian Thompson-Robinson,John Harbaugh,Kevin Stefanski,Brad Allen,CLE00,FirstEnergy Stadium,True
2023_04_PIT_HOU,2023,REG,4,2023-10-01,Sunday,13:00,PIT,6.0,HOU,30.0,Home,24.0,36.0,0.0,2023100105,,,202310010htx,,401547446,,7,7,-162.0,136.0,-3.0,-110.0,-110.0,41.5,-110.0,-110.0,0,open,astroturf,,,00-0038102,00-0039163,Kenny Pickett,C.J. Stroud,Mike Tomlin,DeMeco Ryans,Bill Vinovich,HOU00,NRG Stadium,False
2023_04_LA_IND,2023,REG,4,2023-10-01,Sunday,13:00,LA,29.0,IND,23.0,Home,-6.0,52.0,1.0,2023100106,,,202310010clt,,401547449,,6,7,-115.0,-105.0,-1.0,-110.0,-110.0,44.5,-110.0,-110.0,0,open,fieldturf,,,00-0026498,00-0039164,Matthew Stafford,Anthony Richardson,Sean McVay,Shane Steichen,Land Clark,IND00,Lucas Oil Stadium,False
2023_04_TB_NO,2023,REG,4,2023-10-01,Sunday,13:00,TB,26.0,NO,9.0,Home,-17.0,35.0,0.0,2023100107,,,202310010nor,,401547450,,6,7,170.0,-205.0,4.0,-110.0,-110.0,41.0,-110.0,-110.0,1,dome,sportturf,,,00-0034855,00-0031280,Baker Mayfield,Derek Carr,Todd Bowles,Dennis Allen,Shawn Hochuli,NOR00,Mercedes-Benz Superdome,True
2023_04_WAS_PHI,2023,REG,4,2023-10-01,Sunday,13:00,WAS,31.0,PHI,34.0,Home,3.0,65.0,1.0,2023100108,,,202310010phi,,401547451,,7,6,350.0,-455.0,9.5,-110.0,-110.0,43.0,-110.0,-110.0,1,outdoors,grass,,,00-0037077,00-0036389,Sam Howell,Jalen Hurts,Ron Rivera,Nick Sirianni,Ron Torbert,PHI00,Lincoln Financial Field,True
2023_04_CIN_TEN,2023,REG,4,2023-10-01,Sunday,13:00,CIN,3.0,TEN,27.0,Home,24.0,30.0,0.0,2023100109,,,202310010oti,,401547452,,6,7,-162.0,136.0,-2.5,-120.0,100.0,41.5,-108.0,-112.0,0,outdoors,grass,82.0,4.0,00-0036442,00-0029701,Joe Burrow,Ryan Tannehill,Zac Taylor,Mike Vrabel,Shawn Smith,NAS00,Nissan Stadium,False
2023_04_LV_LAC,2023,REG,4,2023-10-01,Sunday,16:05,LV,17.0,LAC,24.0,Home,7.0,41.0,0.0,2023100110,,,202310010sdg,,401547447,,7,7,250.0,-310.0,7.0,-115.0,-105.0,49.0,-110.0,-110.0,1,dome,matrixturf,,,00-0038579,00-0036355,Aidan O'Connell,Justin Herbert,Josh McDaniels,Brandon Staley,John Hussey,LAX01,SoFi Stadium,True
2023_04_NE_DAL,2023,REG,4,2023-10-01,Sunday,16:25,NE,3.0,DAL,38.0,Home,35.0,41.0,0.0,2023100111,,,202310010dal,,401547453,,7,7,230.0,-285.0,6.5,-108.0,-112.0,43.0,-110.0,-110.0,0,closed,matrixturf,,,00-0036972,00-0033077,Mac Jones,Dak Prescott,Bill Belichick,Mike McCarthy,Scott Novak,DAL00,AT&T Stadium,False
2023_04_ARI_SF,2023,REG,4,2023-10-01,Sunday,16:25,ARI,16.0,SF,35.0,Home,19.0,51.0,0.0,2023100112,,,202310010sfo,,401547454,,7,10,700.0,-1100.0,15.0,-108.0,-112.0,44.0,-105.0,-115.0,1,outdoors,grass,75.0,9.0,00-0033949,00-0037834,Joshua Dobbs,Brock Purdy,Jonathan Gannon,Kyle Shanahan,Clete Blakeman,SFO01,Levi's Stadium,True
2023_04_KC_NYJ,2023,REG,4,2023-10-01,Sunday,20:20,KC,23.0,NYJ,20.0,Home,-3.0,43.0,0.0,2023100113,,,202310010nyj,,401547455,,7,7,-485.0,370.0,-9.5,-110.0,-110.0,41.5,-105.0,-115.0,0,outdoors,fieldturf,69.0,5.0,00-0033873,00-0037013,Patrick Mahomes,Zach Wilson,Andy Reid,Robert Saleh,Alex Kemp,NYC01,MetLife Stadium,False
2023_04_SEA_NYG,2023,REG,4,2023-10-02,Monday,20:15,SEA,24.0,NYG,3.0,Home,-21.0,27.0,0.0,2023100200,,,202310020nyg,,401547456,,8,11,-142.0,120.0,-2.5,-115.0,-105.0,46.5,-115.0,-105.0,0,outdoors,fieldturf,67.0,8.0,00-0030565,00-0035710,Geno Smith,Daniel Jones,Pete Carroll,Brian Daboll,Brad Rogers,NYC01,MetLife Stadium,False
2023_05_CHI_WAS,2023,REG,5,2023-10-05,Thursday,20:15,CHI,40.0,WAS,20.0,Home,-20.0,60.0,0.0,2023100500,,,202310050was,,401547457,,4,4,210.0,-258.0,6.0,-110.0,-110.0,45.5,-112.0,-108.0,0,outdoors,grass,70.0,1.0,00-0036945,00-0037077,Justin Fields,Sam Howell,Matt Eberflus,Ron Rivera,Scott Novak,WAS00,FedExField,False
2023_05_JAX_BUF,2023,REG,5,2023-10-08,Sunday,09:30,JAX,25.0,BUF,20.0,Neutral,-5.0,45.0,0.0,2023100800,,,202310080buf,,401547228,,7,7,205.0,-250.0,5.5,-110.0,-110.0,48.5,-108.0,-112.0,0,outdoors,,,,00-0036971,00-0034857,Trevor Lawrence,Josh Allen,Doug Pederson,Sean McDermott,Shawn Smith,BUF00,New Era Field,False
2023_05_HOU_ATL,2023,REG,5,2023-10-08,Sunday,13:00,HOU,19.0,ATL,21.0,Home,2.0,40.0,0.0,2023100801,,,202310080atl,,401547463,,7,7,120.0,-142.0,2.5,-110.0,-110.0,42.0,-110.0,-110.0,0,open,fieldturf,,,00-0039163,00-0038122,C.J. Stroud,Desmond Ridder,DeMeco Ryans,Arthur Smith,Shawn Hochuli,ATL97,Mercedes-Benz Stadium,False
2023_05_CAR_DET,2023,REG,5,2023-10-08,Sunday,13:00,CAR,24.0,DET,42.0,Home,18.0,66.0,0.0,2023100802,,,202310080det,,401547464,,7,10,350.0,-455.0,9.5,-110.0,-110.0,43.5,-110.0,-110.0,0,dome,fieldturf,,,00-0039150,00-0033106,Bryce Young,Jared Goff,Frank Reich,Dan Campbell,Adrian Hill,DET00,Ford Field,False
2023_05_TEN_IND,2023,REG,5,2023-10-08,Sunday,13:00,TEN,16.0,IND,23.0,Home,7.0,39.0,0.0,2023100803,,,202310080clt,,401547458,,7,7,-142.0,120.0,-2.5,-110.0,-110.0,43.5,-110.0,-110.0,1,open,fieldturf,,,00-0029701,00-0039164,Ryan Tannehill,Anthony Richardson,Mike Vrabel,Shane Steichen,Brad Rogers,IND00,Lucas Oil Stadium,True
2023_05_NYG_MIA,2023,REG,5,2023-10-08,Sunday,13:00,NYG,16.0,MIA,31.0,Home,15.0,47.0,0.0,2023100804,,,202310080mia,,401547465,,6,7,525.0,-750.0,12.5,-110.0,-110.0,47.5,-108.0,-112.0,0,outdoors,grass,88.0,8.0,00-0035710,00-0036212,Daniel Jones,Tua Tagovailoa,Brian Daboll,Mike McDaniel,Ron Torbert,MIA00,Hard Rock Stadium,False
2023_05_NO_NE,2023,REG,5,2023-10-08,Sunday,13:00,NO,34.0,NE,0.0,Home,-34.0,34.0,0.0,2023100805,,,202310080nwe,,401547459,,7,7,114.0,-135.0,2.5,-110.0,-110.0,38.5,-110.0,-110.0,0,outdoors,fieldturf,61.0,10.0,00-0031280,00-0036972,Derek Carr,Mac Jones,Dennis Allen,Bill Belichick,Alex Kemp,BOS00,Gillette Stadium,False
2023_05_BAL_PIT,2023,REG,5,2023-10-08,Sunday,13:00,BAL,10.0,PIT,17.0,Home,7.0,27.0,0.0,2023100806,,,202310080pit,,401547460,,7,7,-230.0,190.0,-4.5,-112.0,-108.0,38.5,-110.0,-110.0,1,outdoors,grass,53.0,13.0,00-0034796,00-0038102,Lamar Jackson,Kenny Pickett,John Harbaugh,Mike Tomlin,Carl Cheffers,PIT00,Acrisure Stadium,True
2023_05_CIN_ARI,2023,REG,5,2023-10-08,Sunday,16:05,CIN,34.0,ARI,20.0,Home,-14.0,54.0,0.0,2023100807,,,202310080crd,,401547466,,7,7,-170.0,142.0,-3.0,-120.0,100.0,45.5,-110.0,-110.0,0,closed,grass,,,00-0036442,00-0033949,Joe Burrow,Joshua Dobbs,Zac Taylor,Jonathan Gannon,Clay Martin,PHO00,State Farm Stadium,False
2023_05_PHI_LA,2023,REG,5,2023-10-08,Sunday,16:05,PHI,23.0,LA,14.0,Home,-9.0,37.0,0.0,2023100808,,,202310080ram,,401547467,,7,7,-192.0,160.0,-3.5,-110.0,-110.0,50.5,-110.0,-110.0,0,dome,matrixturf,,,00-0036389,00-0026498,Jalen Hurts,Matthew Stafford,Nick Sirianni,Sean McVay,Bill Vinovich,LAX01,SoFi Stadium,False
2023_05_NYJ_DEN,2023,REG,5,2023-10-08,Sunday,16:25,NYJ,31.0,DEN,21.0,Home,-10.0,52.0,0.0,2023100809,,,202310080den,,401547461,,7,7,114.0,-135.0,2.5,-110.0,-110.0,42.5,-110.0,-110.0,0,outdoors,grass,73.0,9.0,00-0037013,00-0029263,Zach Wilson,Russell Wilson,Robert Saleh,Sean Payton,John Hussey,DEN00,Empower Field at Mile High,False
2023_05_KC_MIN,2023,REG,5,2023-10-08,Sunday,16:25,KC,27.0,MIN,20.0,Home,-7.0,47.0,0.0,2023100810,,,202310080min,,401547462,,7,7,-180.0,150.0,-3.5,-105.0,-115.0,52.5,-110.0,-110.0,0,dome,sportturf,,,00-0033873,00-0029604,Patrick Mahomes,Kirk Cousins,Andy Reid,Kevin O'Connell,Land Clark,MIN01,U.S. Bank Stadium,False
2023_05_DAL_SF,2023,REG,5,2023-10-08,Sunday,20:20,DAL,10.0,SF,42.0,Home,32.0,52.0,0.0,2023100811,,,202310080sfo,,401547354,,7,7,150.0,-180.0,3.5,-115.0,-105.0,45.0,-105.0,-115.0,0,outdoors,grass,78.0,10.0,00-0033077,00-0037834,Dak Prescott,Brock Purdy,Mike McCarthy,Kyle Shanahan,Alan Eck,SFO01,Levi's Stadium,False
2023_05_GB_LV,2023,REG,5,2023-10-09,Monday,20:15,GB,13.0,LV,17.0,Home,4.0,30.0,0.0,2023100900,,,202310090rai,,401547468,,11,8,-102.0,-118.0,1.0,-110.0,-110.0,45.0,-110.0,-110.0,0,dome,grass,,,00-0036264,00-0031345,Jordan Love,Jimmy Garoppolo,Matt LaFleur,Josh McDaniels,Alan Eck,VEG00,Allegiant Stadium,False
2023_06_DEN_KC,2023,REG,6,2023-10-12,Thursday,20:15,DEN,8.0,KC,19.0,Home,11.0,27.0,0.0,2023101200,,,202310120kan,,401547469,,4,4,470.0,-650.0,10.5,-108.0,-112.0,47.5,-112.0,-108.0,1,outdoors,grass,,,,,,,Sean Payton,Andy Reid,Shawn Hochuli,KAN00,GEHA Field at Arrowhead Stadium,True
2023_06_BAL_TEN,2023,REG,6,2023-10-15,Sunday,09:30,BAL,24.0,TEN,16.0,Neutral,-8.0,40.0,0.0,2023101500,,,202310150oti,,401547229,,7,7,-250.0,205.0,-5.5,-112.0,-108.0,42.5,-110.0,-110.0,0,outdoors,,,,,,,,John Harbaugh,Mike Vrabel,Bill Vinovich,NAS00,Nissan Stadium,False
2023_06_WAS_ATL,2023,REG,6,2023-10-15,Sunday,13:00,WAS,24.0,ATL,16.0,Home,-8.0,40.0,0.0,2023101501,,,202310150atl,,401547470,,10,7,105.0,-125.0,1.5,-108.0,-112.0,42.0,-110.0,-110.0,0,closed,fieldturf,,,,,,,Ron Rivera,Arthur Smith,Clete Blakeman,ATL97,Mercedes-Benz Stadium,False
2023_06_MIN_CHI,2023,REG,6,2023-10-15,Sunday,13:00,MIN,19.0,CHI,13.0,Home,-6.0,32.0,0.0,2023101502,,,202310150chi,,401547475,,7,10,-166.0,140.0,-3.0,-115.0,-105.0,44.5,-112.0,-108.0,1,outdoors,grass,53.0,16.0,,,,,Kevin O'Connell,Matt Eberflus,Brad Allen,CHI98,Soldier Field,True
2023_06_SEA_CIN,2023,REG,6,2023-10-15,Sunday,13:00,SEA,13.0,CIN,17.0,Home,4.0,30.0,0.0,2023101503,,,202310150cin,,401547471,,13,7,130.0,-155.0,3.0,-112.0,-108.0,45.5,-108.0,-112.0,0,outdoors,fieldturf,57.0,15.0,,,,,Pete Carroll,Zac Taylor,Adrian Hill,CIN00,Paycor Stadium,False
2023_06_SF_CLE,2023,REG,6,2023-10-15,Sunday,13:00,SF,17.0,CLE,19.0,Home,2.0,36.0,0.0,2023101504,,,202310150cle,,401547476,,7,14,-470.0,360.0,-9.5,-115.0,-105.0,36.0,-110.0,-110.0,0,outdoors,grass,53.0,15.0,00-0037834,00-0033275,Brock Purdy,Phillip Walker,Kyle Shanahan,Kevin Stefanski,John Hussey,CLE00,FirstEnergy Stadium,False
2023_06_NO_HOU,2023,REG,6,2023-10-15,Sunday,13:00,NO,13.0,HOU,20.0,Home,7.0,33.0,0.0,2023101505,,,202310150htx,,401547477,,7,7,-130.0,110.0,-2.0,-110.0,-110.0,42.5,-112.0,-108.0,0,closed,astroturf,,,,,,,Dennis Allen,DeMeco Ryans,Alan Eck,HOU00,NRG Stadium,False
2023_06_IND_JAX,2023,REG,6,2023-10-15,Sunday,13:00,IND,20.0,JAX,37.0,Home,17.0,57.0,0.0,2023101506,,,202310150jax,,401547472,,7,7,170.0,-205.0,4.0,-110.0,-110.0,44.0,-110.0,-110.0,1,outdoors,grass,,,,,,,Shane Steichen,Doug Pederson,Alex Kemp,JAX00,TIAA Bank Stadium,True
2023_06_CAR_MIA,2023,REG,6,2023-10-15,Sunday,13:00,CAR,21.0,MIA,42.0,Home,21.0,63.0,0.0,2023101507,,,202310150mia,,401547473,,7,7,700.0,-1100.0,14.0,-110.0,-110.0,47.5,-112.0,-108.0,0,outdoors,grass,87.0,12.0,,,,,Frank Reich,Mike McDaniel,Craig Wrolstad,MIA00,Hard Rock Stadium,False
2023_06_NE_LV,2023,REG,6,2023-10-15,Sunday,16:05,NE,17.0,LV,21.0,Home,4.0,38.0,0.0,2023101509,,,202310150rai,,401547474,,7,6,124.0,-148.0,3.0,-118.0,-102.0,41.5,-110.0,-110.0,0,dome,grass,,,00-0036972,00-0031345,Mac Jones,Jimmy Garoppolo,Bill Belichick,Josh McDaniels,Brad Rogers,VEG00,Allegiant Stadium,False
2023_06_ARI_LA,2023,REG,6,2023-10-15,Sunday,16:25,ARI,9.0,LA,26.0,Home,17.0,35.0,0.0,2023101510,,,202310150ram,,401547479,,7,7,270.0,-340.0,7.0,-105.0,-115.0,48.0,-110.0,-110.0,1,dome,matrixturf,,,00-0033949,00-0026498,Joshua Dobbs,Matthew Stafford,Jonathan Gannon,Sean McVay,Ron Torbert,LAX01,SoFi Stadium,True
2023_06_PHI_NYJ,2023,REG,6,2023-10-15,Sunday,16:25,PHI,14.0,NYJ,20.0,Home,6.0,34.0,0.0,2023101511,,,202310150nyj,,401547480,,7,7,-305.0,245.0,-6.5,-115.0,-105.0,43.0,-105.0,-115.0,0,outdoors,fieldturf,59.0,11.0,00-0036389,00-0037013,Jalen Hurts,Zach Wilson,Nick Sirianni,Robert Saleh,Scott Novak,NYC01,MetLife Stadium,False
2023_06_DET_TB,2023,REG,6,2023-10-15,Sunday,16:25,DET,20.0,TB,6.0,Home,-14.0,26.0,0.0,2023101508,,,202310150tam,,401547478,,7,14,-162.0,136.0,-3.0,-115.0,-105.0,43.5,-112.0,-108.0,0,outdoors,grass,77.0,13.0,00-0033106,00-0034855,Jared Goff,Baker Mayfield,Dan Campbell,Todd Bowles,Clay Martin,TAM00,Raymond James Stadium,False
2023_06_NYG_BUF,2023,REG,6,2023-10-15,Sunday,20:20,NYG,9.0,BUF,14.0,Home,5.0,23.0,0.0,2023101512,,,202310150buf,,401547481,,7,7,750.0,-1200.0,15.5,-110.0,-110.0,43.5,-110.0,-110.0,0,outdoors,a_turf,46.0,7.0,00-0035710,00-0034857,Daniel Jones,Josh Allen,Brian Daboll,Sean McDermott,Tra Blake,BUF00,New Era Field,False
2023_06_DAL_LAC,2023,REG,6,2023-10-16,Monday,20:15,DAL,20.0,LAC,17.0,Home,-3.0,37.0,0.0,2023101600,,,202310160sdg,,401547482,,8,15,-130.0,110.0,-1.5,-112.0,-108.0,49.5,-108.0,-112.0,0,dome,matrixturf,,,00-0033077,00-0036355,Dak Prescott,Justin Herbert,Mike McCarthy,Brandon Staley,Land Clark,LAX01,SoFi Stadium,False
2023_07_JAX_NO,2023,REG,7,2023-10-19,Thursday,20:15,JAX,31.0,NO,24.0,Home,-7.0,55.0,0.0,2023101900,,,202310190nor,,401547483,,4,4,124.0,-148.0,2.5,-108.0,-112.0,41.0,-110.0,-110.0,0,dome,sportturf,,,00-0036971,00-0031280,Trevor Lawrence,Derek Carr,Doug Pederson,Dennis Allen,Land Clark,NOR00,Mercedes-Benz Superdome,False
2023_07_DET_BAL,2023,REG,7,2023-10-22,Sunday,13:00,DET,6.0,BAL,38.0,Home,32.0,44.0,0.0,2023102200,,,202310220rav,,401547489,,7,7,136.0,-162.0,3.0,-105.0,-115.0,43.5,-108.0,-112.0,0,outdoors,grass,62.0,16.0,00-0033106,00-0034796,Jared Goff,Lamar Jackson,Dan Campbell,John Harbaugh,Brad Rogers,BAL00,M&T Bank Stadium,False
2023_07_LV_CHI,2023,REG,7,2023-10-22,Sunday,13:00,LV,12.0,CHI,30.0,Home,18.0,42.0,0.0,2023102201,,,202310220chi,,401547490,,7,7,-142.0,120.0,-2.5,-110.0,-110.0,38.5,-110.0,-110.0,0,outdoors,grass,52.0,8.0,00-0026625,00-0038416,Brian Hoyer,Tyson Bagent,Josh McDaniels,Matt Eberflus,Clay Martin,CHI98,Soldier Field,False
2023_07_CLE_IND,2023,REG,7,2023-10-22,Sunday,13:00,CLE,39.0,IND,38.0,Home,-1.0,77.0,0.0,2023102202,,,202310220clt,,401547484,,7,7,-180.0,150.0,-3.5,-108.0,-112.0,40.0,-110.0,-110.0,0,open,fieldturf,,,00-0033537,00-0035289,Deshaun Watson,Gardner Minshew,Kevin Stefanski,Shane Steichen,Shawn Smith,IND00,Lucas Oil Stadium,False
2023_07_BUF_NE,2023,REG,7,2023-10-22,Sunday,13:00,BUF,25.0,NE,29.0,Home,4.0,54.0,0.0,2023102203,,,202310220nwe,,401547485,,7,7,-395.0,310.0,-7.5,-110.0,-110.0,41.0,-110.0,-110.0,1,outdoors,fieldturf,55.0,13.0,00-0034857,00-0036972,Josh Allen,Mac Jones,Sean McDermott,Bill Belichick,Clete Blakeman,BOS00,Gillette Stadium,True
2023_07_WAS_NYG,2023,REG,7,2023-10-22,Sunday,13:00,WAS,7.0,NYG,14.0,Home,7.0,21.0,0.0,2023102204,,,202310220nyg,,401547486,,7,7,-162.0,136.0,-3.0,-108.0,-112.0,37.0,-112.0,-108.0,1,outdoors,fieldturf,54.0,14.0,00-0037077,00-0028118,Sam Howell,Tyrod Taylor,Ron Rivera,Brian Daboll,John Hussey,NYC01,MetLife Stadium,True
2023_07_ATL_TB,2023,REG,7,2023-10-22,Sunday,13:00,ATL,16.0,TB,13.0,Home,-3.0,29.0,0.0,2023102205,,,202310220tam,,401547491,,7,7,124.0,-148.0,3.0,-115.0,-105.0,37.5,-115.0,-105.0,1,outdoors,grass,79.0,3.0,00-0038122,00-0034855,Desmond Ridder,Baker Mayfield,Arthur Smith,Todd Bowles,Ron Torbert,TAM00,Raymond James Stadium,True
2023_07_PIT_LA,2023,REG,7,2023-10-22,Sunday,16:05,PIT,24.0,LA,17.0,Home,-7.0,41.0,0.0,2023102206,,,202310220ram,,401547492,,14,7,145.0,-175.0,3.5,-118.0,-102.0,44.0,-112.0,-108.0,0,dome,matrixturf,,,00-0038102,00-0026498,Kenny Pickett,Matthew Stafford,Mike Tomlin,Sean McVay,Craig Wrolstad,LAX01,SoFi Stadium,False
2023_07_ARI_SEA,2023,REG,7,2023-10-22,Sunday,16:05,ARI,10.0,SEA,20.0,Home,10.0,30.0,0.0,2023102207,,,202310220sea,,401547493,,7,7,350.0,-455.0,9.5,-112.0,-108.0,43.5,-110.0,-110.0,1,outdoors,fieldturf,56.0,5.0,00-0033949,00-0030565,Joshua Dobbs,Geno Smith,Jonathan Gannon,Pete Carroll,Scott Novak,SEA00,Lumen Field,True
2023_07_GB_DEN,2023,REG,7,2023-10-22,Sunday,16:25,GB,17.0,DEN,19.0,Home,2.0,36.0,0.0,2023102208,,,202310220den,,401547487,,13,10,-102.0,-118.0,1.5,-112.0,-108.0,44.0,-110.0,-110.0,0,outdoors,grass,72.0,9.0,00-0036264,00-0029263,Jordan Love,Russell Wilson,Matt LaFleur,Sean Payton,Alex Kemp,DEN00,Empower Field at Mile High,False
2023_07_LAC_KC,2023,REG,7,2023-10-22,Sunday,16:25,LAC,17.0,KC,31.0,Home,14.0,48.0,0.0,2023102209,,,202310220kan,,401547488,,6,10,215.0,-265.0,5.5,-105.0,-115.0,48.5,-108.0,-112.0,1,outdoors,grass,72.0,10.0,00-0036355,00-0033873,Justin Herbert,Patrick Mahomes,Brandon Staley,Andy Reid,Tra Blake,KAN00,GEHA Field at Arrowhead Stadium,True
2023_07_MIA_PHI,2023,REG,7,2023-10-22,Sunday,20:20,MIA,17.0,PHI,31.0,Home,14.0,48.0,0.0,2023102210,,,202310220phi,,401547494,,7,7,130.0,-155.0,3.0,-112.0,-108.0,52.0,-110.0,-110.0,0,outdoors,grass,55.0,17.0,00-0036212,00-0036389,Tua Tagovailoa,Jalen Hurts,Mike McDaniel,Nick Sirianni,Brad Allen,PHI00,Lincoln Financial Field,False
2023_07_SF_MIN,2023,REG,7,2023-10-23,Monday,20:15,SF,17.0,MIN,22.0,Home,5.0,39.0,0.0,2023102300,,,202310230min,,401547495,,8,8,-325.0,260.0,-7.0,-105.0,-115.0,44.5,-110.0,-110.0,0,dome,sportturf,,,00-0037834,00-0029604,Brock Purdy,Kirk Cousins,Kyle Shanahan,Kevin O'Connell,Carl Cheffers,MIN01,U.S. Bank Stadium,False
2023_08_TB_BUF,2023,REG,8,2023-10-26,Thursday,20:15,TB,18.0,BUF,24.0,Home,6.0,42.0,0.0,2023102600,,,202310260buf,,401547496,,4,4,370.0,-485.0,10.0,-112.0,-108.0,43.0,-110.0,-110.0,0,outdoors,a_turf,66.0,10.0,00-0034855,00-0034857,Baker Mayfield,Josh Allen,Todd Bowles,Sean McDermott,Scott Novak,BUF00,New Era Field,False
2023_08_HOU_CAR,2023,REG,8,2023-10-29,Sunday,13:00,HOU,13.0,CAR,15.0,Home,2.0,28.0,0.0,2023102900,,,202310290car,,401547504,,14,14,-162.0,136.0,-3.0,-118.0,-102.0,43.0,-110.0,-110.0,0,outdoors,grass,77.0,14.0,00-0039163,00-0039150,C.J. Stroud,Bryce Young,DeMeco Ryans,Frank Reich,John Hussey,CAR00,Bank of America Stadium,False
2023_08_LA_DAL,2023,REG,8,2023-10-29,Sunday,13:00,LA,20.0,DAL,43.0,Home,23.0,63.0,0.0,2023102901,,,202310290dal,,401547505,,7,13,250.0,-310.0,6.5,-105.0,-115.0,44.5,-110.0,-110.0,0,closed,matrixturf,,,00-0026498,00-0033077,Matthew Stafford,Dak Prescott,Sean McVay,Mike McCarthy,Adrian Hill,DAL00,AT&T Stadium,False
2023_08_MIN_GB,2023,REG,8,2023-10-29,Sunday,13:00,MIN,24.0,GB,10.0,Home,-14.0,34.0,0.0,2023102902,,,202310290gnb,,401547506,,6,7,-112.0,-108.0,-1.0,-108.0,-112.0,41.5,-108.0,-112.0,1,outdoors,grass,39.0,8.0,00-0029604,00-0036264,Kirk Cousins,Jordan Love,Kevin O'Connell,Matt LaFleur,Shawn Hochuli,GNB00,Lambeau Field,True
2023_08_NO_IND,2023,REG,8,2023-10-29,Sunday,13:00,NO,38.0,IND,27.0,Home,-11.0,65.0,0.0,2023102903,,,202310290clt,,401547507,,10,7,-130.0,110.0,-2.0,-110.0,-110.0,43.5,-110.0,-110.0,0,closed,fieldturf,,,00-0031280,00-0035289,Derek Carr,Gardner Minshew,Dennis Allen,Shane Steichen,Craig Wrolstad,IND00,Lucas Oil Stadium,False
2023_08_NE_MIA,2023,REG,8,2023-10-29,Sunday,13:00,NE,17.0,MIA,31.0,Home,14.0,48.0,0.0,2023102904,,,202310290mia,,401547497,,7,7,300.0,-380.0,7.5,-110.0,-110.0,46.5,-110.0,-110.0,1,outdoors,grass,83.0,17.0,00-0036972,00-0036212,Mac Jones,Tua Tagovailoa,Bill Belichick,Mike McDaniel,Land Clark,MIA00,Hard Rock Stadium,True
2023_08_NYJ_NYG,2023,REG,8,2023-10-29,Sunday,13:00,NYJ,13.0,NYG,10.0,Home,-3.0,23.0,1.0,2023102905,,,202310290nyg,,401547498,,14,7,-162.0,136.0,-3.0,-115.0,-105.0,35.0,-112.0,-108.0,0,outdoors,fieldturf,52.0,6.0,00-0037013,00-0028118,Zach Wilson,Tyrod Taylor,Robert Saleh,Brian Daboll,Shawn Smith,NYC01,MetLife Stadium,False
2023_08_JAX_PIT,2023,REG,8,2023-10-29,Sunday,13:00,JAX,20.0,PIT,10.0,Home,-10.0,30.0,0.0,2023102906,,,202310290pit,,401547499,,10,7,-135.0,114.0,-2.5,-110.0,-110.0,41.0,-110.0,-110.0,0,outdoors,grass,58.0,2.0,00-0036971,00-0038102,Trevor Lawrence,Kenny Pickett,Doug Pederson,Mike Tomlin,Alan Eck,PIT00,Acrisure Stadium,False
2023_08_ATL_TEN,2023,REG,8,2023-10-29,Sunday,13:00,ATL,23.0,TEN,28.0,Home,5.0,51.0,0.0,2023102907,,,202310290oti,,401547500,,7,14,-130.0,110.0,-2.5,-110.0,-110.0,35.0,-110.0,-110.0,0,outdoors,grass,77.0,7.0,00-0038122,00-0039152,Desmond Ridder,Will Levis,Arthur Smith,Mike Vrabel,Clay Martin,NAS00,Nissan Stadium,False
2023_08_PHI_WAS,2023,REG,8,2023-10-29,Sunday,13:00,PHI,38.0,WAS,31.0,Home,-7.0,69.0,0.0,2023102908,,,202310290was,,401547508,,7,7,-305.0,245.0,-7.0,-110.0,-110.0,42.5,-110.0,-110.0,1,outdoors,grass,69.0,4.0,00-0036389,00-0037077,Jalen Hurts,Sam Howell,Nick Sirianni,Ron Rivera,Carl Cheffers,WAS00,FedExField,True
2023_08_CLE_SEA,2023,REG,8,2023-10-29,Sunday,16:05,CLE,20.0,SEA,24.0,Home,4.0,44.0,0.0,2023102909,,,202310290sea,,401547509,,7,7,164.0,-198.0,4.0,-110.0,-110.0,39.5,-112.0,-108.0,0,outdoors,fieldturf,47.0,3.0,00-0033537,00-0030565,Deshaun Watson,Geno Smith,Kevin Stefanski,Pete Carroll,Bill Vinovich,SEA00,Lumen Field,False
2023_08_BAL_ARI,2023,REG,8,2023-10-29,Sunday,16:25,BAL,31.0,ARI,24.0,Home,-7.0,55.0,0.0,2023102910,,,202310290crd,,401547501,,7,7,-500.0,380.0,-9.5,-110.0,-110.0,44.5,-110.0,-110.0,0,closed,grass,,,00-0034796,00-0033949,Lamar Jackson,Joshua Dobbs,John Harbaugh,Jonathan Gannon,Tra Blake,PHO00,State Farm Stadium,False
2023_08_KC_DEN,2023,REG,8,2023-10-29,Sunday,16:25,KC,9.0,DEN,24.0,Home,15.0,33.0,0.0,2023102911,,,202310290den,,401547502,,7,7,-340.0,270.0,-7.0,-102.0,-118.0,45.5,-110.0,-110.0,1,outdoors,grass,26.0,7.0,00-0033873,00-0029263,Patrick Mahomes,Russell Wilson,Andy Reid,Sean Payton,Brad Allen,DEN00,Empower Field at Mile High,True
2023_08_CIN_SF,2023,REG,8,2023-10-29,Sunday,16:25,CIN,31.0,SF,17.0,Home,-14.0,48.0,0.0,2023102912,,,202310290sfo,,401547503,,14,6,170.0,-205.0,4.0,-105.0,-115.0,44.0,-110.0,-110.0,0,outdoors,grass,74.0,10.0,00-0036442,00-0037834,Joe Burrow,Brock Purdy,Zac Taylor,Kyle Shanahan,Ron Torbert,SFO01,Levi's Stadium,False
2023_08_CHI_LAC,2023,REG,8,2023-10-29,Sunday,20:20,CHI,13.0,LAC,30.0,Home,17.0,43.0,0.0,2023102913,,,202310290sdg,,401547510,,7,7,340.0,-440.0,9.5,-108.0,-112.0,46.0,-112.0,-108.0,0,dome,matrixturf,,,00-0038416,00-0036355,Tyson Bagent,Justin Herbert,Matt Eberflus,Brandon Staley,Brad Rogers,LAX01,SoFi Stadium,False
2023_08_LV_DET,2023,REG,8,2023-10-30,Monday,20:15,LV,14.0,DET,26.0,Home,12.0,40.0,0.0,2023103000,,,202310300det,,401547511,,8,8,270.0,-340.0,7.0,-110.0,-110.0,46.0,-110.0,-110.0,0,dome,fieldturf,,,00-0031345,00-0033106,Jimmy Garoppolo,Jared Goff,Josh McDaniels,Dan Campbell,Clete Blakeman,DET00,Ford Field,False
2023_09_TEN_PIT,2023,REG,9,2023-11-02,Thursday,20:15,TEN,16.0,PIT,20.0,Home,4.0,36.0,0.0,2023110200,,,202311020pit,,401547512,,4,4,145.0,-175.0,3.5,-120.0,100.0,37.0,-108.0,-112.0,0,outdoors,grass,40.0,5.0,00-0039152,00-0038102,Will Levis,Kenny Pickett,Mike Vrabel,Mike Tomlin,John Hussey,PIT00,Acrisure Stadium,False
2023_09_MIA_KC,2023,REG,9,2023-11-05,Sunday,09:30,MIA,14.0,KC,21.0,Neutral,7.0,35.0,0.0,2023110500,,,202311050kan,,401547230,,7,7,-105.0,-115.0,1.0,-112.0,-108.0,51.0,-108.0,-112.0,0,outdoors,grass,,,00-0036212,00-0033873,Tua Tagovailoa,Patrick Mahomes,Mike McDaniel,Andy Reid,Clay Martin,KAN00,GEHA Field at Arrowhead Stadium,False
2023_09_MIN_ATL,2023,REG,9,2023-11-05,Sunday,13:00,MIN,31.0,ATL,28.0,Home,-3.0,59.0,0.0,2023110501,,,202311050atl,,401547518,,7,7,160.0,-192.0,3.5,-108.0,-112.0,38.5,-112.0,-108.0,0,open,fieldturf,,,00-0038598,00-0031800,Jaren Hall,Taylor Heinicke,Kevin O'Connell,Arthur Smith,Shawn Smith,ATL97,Mercedes-Benz Stadium,False
2023_09_SEA_BAL,2023,REG,9,2023-11-05,Sunday,13:00,SEA,3.0,BAL,37.0,Home,34.0,40.0,0.0,2023110502,,,202311050rav,,401547513,,7,7,220.0,-270.0,6.0,-110.0,-110.0,44.5,-112.0,-108.0,0,outdoors,grass,70.0,6.0,00-0030565,00-0034796,Geno Smith,Lamar Jackson,Pete Carroll,John Harbaugh,Shawn Hochuli,BAL00,M&T Bank Stadium,False
2023_09_ARI_CLE,2023,REG,9,2023-11-05,Sunday,13:00,ARI,0.0,CLE,27.0,Home,27.0,27.0,0.0,2023110503,,,202311050cle,,401547514,,7,7,525.0,-750.0,13.0,-112.0,-108.0,38.0,-110.0,-110.0,0,outdoors,grass,56.0,7.0,00-0038582,00-0033537,Clayton Tune,Deshaun Watson,Jonathan Gannon,Kevin Stefanski,Carl Cheffers,CLE00,FirstEnergy Stadium,False
2023_09_LA_GB,2023,REG,9,2023-11-05,Sunday,13:00,LA,3.0,GB,20.0,Home,17.0,23.0,0.0,2023110504,,,202311050gnb,,401547519,,7,7,160.0,-198.0,3.5,-108.0,-112.0,38.0,-112.0,-108.0,0,outdoors,grass,51.0,8.0,00-0034955,00-0036264,Brett Rypien,Jordan Love,Sean McVay,Matt LaFleur,Clete Blakeman,GNB00,Lambeau Field,False
2023_09_TB_HOU,2023,REG,9,2023-11-05,Sunday,13:00,TB,37.0,HOU,39.0,Home,2.0,76.0,0.0,2023110505,,,202311050htx,,401547515,,10,7,124.0,-148.0,2.5,100.0,-120.0,39.5,-110.0,-110.0,0,closed,astroturf,,,00-0034855,00-0039163,Baker Mayfield,C.J. Stroud,Todd Bowles,DeMeco Ryans,Land Clark,HOU00,NRG Stadium,False
2023_09_WAS_NE,2023,REG,9,2023-11-05,Sunday,13:00,WAS,20.0,NE,17.0,Home,-3.0,37.0,0.0,2023110506,,,202311050nwe,,401547520,,7,7,130.0,-155.0,2.5,100.0,-120.0,40.5,-110.0,-110.0,0,outdoors,fieldturf,62.0,6.0,00-0037077,00-0036972,Sam Howell,Mac Jones,Ron Rivera,Bill Belichick,Adrian Hill,BOS00,Gillette Stadium,False
2023_09_CHI_NO,2023,REG,9,2023-11-05,Sunday,13:00,CHI,17.0,NO,24.0,Home,7.0,41.0,0.0,2023110507,,,202311050nor,,401547516,,7,7,340.0,-440.0,9.0,-108.0,-112.0,42.0,-110.0,-110.0,0,dome,sportturf,,,00-0038416,00-0031280,Tyson Bagent,Derek Carr,Matt Eberflus,Dennis Allen,Ron Torbert,NOR00,Mercedes-Benz Superdome,False
2023_09_IND_CAR,2023,REG,9,2023-11-05,Sunday,16:05,IND,27.0,CAR,13.0,Home,-14.0,40.0,0.0,2023110508,,,202311050car,,401547517,,7,7,-130.0,110.0,-1.5,-108.0,-112.0,45.0,-110.0,-110.0,0,outdoors,grass,75.0,2.0,00-0035289,00-0039150,Gardner Minshew,Bryce Young,Shane Steichen,Frank Reich,Bill Vinovich,CAR00,Bank of America Stadium,False
2023_09_NYG_LV,2023,REG,9,2023-11-05,Sunday,16:25,NYG,6.0,LV,30.0,Home,24.0,36.0,0.0,2023110509,,,202311050rai,,401547521,,7,6,-102.0,-118.0,1.0,-110.0,-110.0,38.5,-112.0,-108.0,0,dome,grass,,,00-0028118,00-0038579,Tyrod Taylor,Aidan O'Connell,Brian Daboll,Josh McDaniels,Alan Eck,VEG00,Allegiant Stadium,False
2023_09_DAL_PHI,2023,REG,9,2023-11-05,Sunday,16:25,DAL,23.0,PHI,28.0,Home,5.0,51.0,0.0,2023110510,,,202311050phi,,401547522,,7,7,145.0,-175.0,3.5,-118.0,-102.0,46.5,-110.0,-110.0,1,outdoors,grass,64.0,6.0,00-0033077,00-0036389,Dak Prescott,Jalen Hurts,Mike McCarthy,Nick Sirianni,Tra Blake,PHI00,Lincoln Financial Field,True
2023_09_BUF_CIN,2023,REG,9,2023-11-05,Sunday,20:20,BUF,18.0,CIN,24.0,Home,6.0,42.0,0.0,2023110511,,,202311050cin,,401547523,,10,7,105.0,-125.0,1.5,-108.0,-112.0,51.0,-110.0,-110.0,0,outdoors,fieldturf,51.0,5.0,00-0034857,00-0036442,Josh Allen,Joe Burrow,Sean McDermott,Zac Taylor,Alex Kemp,CIN00,Paycor Stadium,False
2023_09_LAC_NYJ,2023,REG,9,2023-11-06,Monday,20:15,LAC,27.0,NYJ,6.0,Home,-21.0,33.0,0.0,2023110600,,,202311060nyj,,401547524,,8,8,-170.0,142.0,-3.0,-118.0,-102.0,41.0,-110.0,-110.0,0,outdoors,fieldturf,48.0,4.0,00-0036355,00-0037013,Justin Herbert,Zach Wilson,Brandon Staley,Robert Saleh,Craig Wrolstad,NYC01,MetLife Stadium,False
2023_10_CAR_CHI,2023,REG,10,2023-11-09,Thursday,20:15,CAR,13.0,CHI,16.0,Home,3.0,29.0,0.0,2023110900,,,202311090chi,,401547525,,4,4,150.0,-180.0,3.0,100.0,-120.0,38.0,-105.0,-115.0,0,outdoors,grass,51.0,8.0,00-0039150,00-0038416,Bryce Young,Tyson Bagent,Frank Reich,Matt Eberflus,Clete Blakeman,CHI98,Soldier Field,False
2023_10_IND_NE,2023,REG,10,2023-11-12,Sunday,09:30,IND,10.0,NE,6.0,Neutral,-4.0,16.0,0.0,2023111200,,,202311120nwe,,401547231,,7,7,-118.0,-102.0,-1.0,-110.0,-110.0,42.0,-110.0,-110.0,0,outdoors,grass,,,00-0035289,00-0036972,Gardner Minshew,Mac Jones,Shane Steichen,Bill Belichick,Tra Blake,BOS00,Gillette Stadium,False
2023_10_CLE_BAL,2023,REG,10,2023-11-12,Sunday,13:00,CLE,33.0,BAL,31.0,Home,-2.0,64.0,0.0,2023111201,,,202311120rav,,401547531,,7,7,210.0,-258.0,6.0,-112.0,-108.0,38.5,-108.0,-112.0,1,outdoors,grass,49.0,4.0,00-0033537,00-0034796,Deshaun Watson,Lamar Jackson,Kevin Stefanski,John Harbaugh,Land Clark,BAL00,M&T Bank Stadium,True
2023_10_HOU_CIN,2023,REG,10,2023-11-12,Sunday,13:00,HOU,30.0,CIN,27.0,Home,-3.0,57.0,0.0,2023111202,,,202311120cin,,401547526,,7,7,205.0,-250.0,5.5,-110.0,-110.0,46.0,-110.0,-110.0,0,outdoors,fieldturf,56.0,6.0,00-0039163,00-0036442,C.J. Stroud,Joe Burrow,DeMeco Ryans,Zac Taylor,Carl Cheffers,CIN00,Paycor Stadium,False
2023_10_SF_JAX,2023,REG,10,2023-11-12,Sunday,13:00,SF,34.0,JAX,3.0,Home,-31.0,37.0,0.0,2023111203,,,202311120jax,,401547532,,14,14,-170.0,142.0,-3.0,-112.0,-108.0,44.5,-112.0,-108.0,0,outdoors,grass,59.0,11.0,00-0037834,00-0036971,Brock Purdy,Trevor Lawrence,Kyle Shanahan,Doug Pederson,Brad Allen,JAX00,TIAA Bank Stadium,False
2023_10_NO_MIN,2023,REG,10,2023-11-12,Sunday,13:00,NO,19.0,MIN,27.0,Home,8.0,46.0,0.0,2023111204,,,202311120min,,401547533,,7,7,-155.0,130.0,-3.0,-105.0,-115.0,41.0,-112.0,-108.0,0,dome,sportturf,,,00-0031280,00-0033949,Derek Carr,Joshua Dobbs,Dennis Allen,Kevin O'Connell,Adrian Hill,MIN01,U.S. Bank Stadium,False
2023_10_GB_PIT,2023,REG,10,2023-11-12,Sunday,13:00,GB,19.0,PIT,23.0,Home,4.0,42.0,0.0,2023111205,,,202311120pit,,401547527,,7,10,140.0,-166.0,3.0,100.0,-120.0,38.5,-112.0,-108.0,0,outdoors,grass,50.0,5.0,00-0036264,00-0038102,Jordan Love,Kenny Pickett,Matt LaFleur,Mike Tomlin,Scott Novak,PIT00,Acrisure Stadium,False
2023_10_TEN_TB,2023,REG,10,2023-11-12,Sunday,13:00,TEN,6.0,TB,20.0,Home,14.0,26.0,0.0,2023111206,,,202311120tam,,401547528,,10,7,120.0,-142.0,2.5,-105.0,-115.0,39.5,-110.0,-110.0,0,outdoors,grass,85.0,6.0,00-0039152,00-0034855,Will Levis,Baker Mayfield,Mike Vrabel,Todd Bowles,Alan Eck,TAM00,Raymond James Stadium,False
2023_10_ATL_ARI,2023,REG,10,2023-11-12,Sunday,16:05,ATL,23.0,ARI,25.0,Home,2.0,48.0,0.0,2023111207,,,202311120crd,,401547529,,7,7,-130.0,110.0,-2.0,-110.0,-110.0,43.5,-108.0,-112.0,0,closed,grass,,,00-0031800,00-0035228,Taylor Heinicke,Kyler Murray,Arthur Smith,Jonathan Gannon,Craig Wrolstad,PHO00,State Farm Stadium,False
2023_10_DET_LAC,2023,REG,10,2023-11-12,Sunday,16:05,DET,41.0,LAC,38.0,Home,-3.0,79.0,0.0,2023111208,,,202311120sdg,,401547530,,13,6,-142.0,120.0,-2.5,-110.0,-110.0,48.5,-110.0,-110.0,0,dome,matrixturf,,,00-0033106,00-0036355,Jared Goff,Justin Herbert,Dan Campbell,Brandon Staley,Shawn Smith,LAX01,SoFi Stadium,False
2023_10_NYG_DAL,2023,REG,10,2023-11-12,Sunday,16:25,NYG,17.0,DAL,49.0,Home,32.0,66.0,0.0,2023111209,,,202311120dal,,401547534,,7,7,1100.0,-2100.0,17.5,-108.0,-112.0,38.5,-108.0,-112.0,1,closed,matrixturf,,,00-0038476,00-0033077,Tommy DeVito,Dak Prescott,Brian Daboll,Mike McCarthy,Brad Rogers,DAL00,AT&T Stadium,True
2023_10_WAS_SEA,2023,REG,10,2023-11-12,Sunday,16:25,WAS,26.0,SEA,29.0,Home,3.0,55.0,0.0,2023111210,,,202311120sea,,401547535,,7,7,220.0,-270.0,6.0,-110.0,-110.0,44.0,-112.0,-108.0,0,outdoors,fieldturf,52.0,4.0,00-0037077,00-0030565,Sam Howell,Geno Smith,Ron Rivera,Pete Carroll,Alex Kemp,SEA00,Lumen Field,False
2023_10_NYJ_LV,2023,REG,10,2023-11-12,Sunday,20:20,NYJ,12.0,LV,16.0,Home,4.0,28.0,0.0,2023111211,,,202311120rai,,401547536,,6,7,-115.0,-105.0,-1.0,-108.0,-112.0,35.5,-112.0,-108.0,0,dome,grass,,,00-0037013,00-0038579,Zach Wilson,Aidan O'Connell,Robert Saleh,Josh McDaniels,Shawn Hochuli,VEG00,Allegiant Stadium,False
2023_10_DEN_BUF,2023,REG,10,2023-11-13,Monday,20:15,DEN,24.0,BUF,22.0,Home,-2.0,46.0,0.0,2023111300,,,202311130buf,,401547537,,15,8,310.0,-395.0,7.5,-112.0,-108.0,47.5,-112.0,-108.0,0,outdoors,a_turf,49.0,10.0,00-0029263,00-0034857,Russell Wilson,Josh Allen,Sean Payton,Sean McDermott,Bill Vinovich,BUF00,New Era Field,False
2023_11_CIN_BAL,2023,REG,11,2023-11-16,Thursday,20:15,CIN,20.0,BAL,34.0,Home,14.0,54.0,0.0,2023111600,,,202311160rav,,401547538,,4,4,170.0,-205.0,4.0,-112.0,-108.0,46.5,-112.0,-108.0,1,outdoors,grass,56.0,1.0,00-0036442,00-0034796,Joe Burrow,Lamar Jackson,Zac Taylor,John Harbaugh,Adrian Hill,BAL00,M&T Bank Stadium,True
2023_11_DAL_CAR,2023,REG,11,2023-11-19,Sunday,13:00,DAL,33.0,CAR,10.0,Home,-23.0,43.0,0.0,2023111900,,,202311190car,,401547545,,7,10,-650.0,470.0,-11.0,-110.0,-110.0,43.0,-108.0,-112.0,0,outdoors,grass,65.0,2.0,00-0033077,00-0039150,Dak Prescott,Bryce Young,Mike McCarthy,Frank Reich,Clay Martin,CAR00,Bank of America Stadium,False
2023_11_PIT_CLE,2023,REG,11,2023-11-19,Sunday,13:00,PIT,10.0,CLE,13.0,Home,3.0,23.0,0.0,2023111901,,,202311190cle,,401547539,,7,7,120.0,-142.0,2.5,-105.0,-115.0,34.0,-108.0,-112.0,1,outdoors,grass,48.0,11.0,00-0038102,00-0038583,Kenny Pickett,Dorian Thompson-Robinson,Mike Tomlin,Kevin Stefanski,Shawn Hochuli,CLE00,FirstEnergy Stadium,True
2023_11_CHI_DET,2023,REG,11,2023-11-19,Sunday,13:00,CHI,26.0,DET,31.0,Home,5.0,57.0,0.0,2023111902,,,202311190det,,401547546,,10,7,340.0,-440.0,8.0,-110.0,-110.0,48.0,-110.0,-110.0,1,dome,fieldturf,,,00-0036945,00-0033106,Justin Fields,Jared Goff,Matt Eberflus,Dan Campbell,Scott Novak,DET00,Ford Field,True
2023_11_LAC_GB,2023,REG,11,2023-11-19,Sunday,13:00,LAC,20.0,GB,23.0,Home,3.0,43.0,0.0,2023111903,,,202311190gnb,,401547547,,7,7,-162.0,136.0,-3.0,-110.0,-110.0,44.0,-108.0,-112.0,0,outdoors,grass,45.0,5.0,00-0036355,00-0036264,Justin Herbert,Jordan Love,Brandon Staley,Matt LaFleur,John Hussey,GNB00,Lambeau Field,False
2023_11_ARI_HOU,2023,REG,11,2023-11-19,Sunday,13:00,ARI,16.0,HOU,21.0,Home,5.0,37.0,0.0,2023111904,,,202311190htx,,401547540,,7,7,205.0,-250.0,5.5,-108.0,-112.0,48.0,-110.0,-110.0,0,closed,astroturf,,,00-0035228,00-0039163,Kyler Murray,C.J. Stroud,Jonathan Gannon,DeMeco Ryans,Alex Kemp,HOU00,NRG Stadium,False
2023_11_TEN_JAX,2023,REG,11,2023-11-19,Sunday,13:00,TEN,14.0,JAX,34.0,Home,20.0,48.0,0.0,2023111905,,,202311190jax,,401547541,,7,7,235.0,-290.0,6.5,-105.0,-115.0,40.0,-110.0,-110.0,1,outdoors,grass,75.0,3.0,00-0039152,00-0036971,Will Levis,Trevor Lawrence,Mike Vrabel,Doug Pederson,Brad Rogers,JAX00,TIAA Bank Stadium,True
2023_11_LV_MIA,2023,REG,11,2023-11-19,Sunday,13:00,LV,13.0,MIA,20.0,Home,7.0,33.0,0.0,2023111906,,,202311190mia,,401547542,,7,14,700.0,-1100.0,14.0,-110.0,-110.0,44.5,-110.0,-110.0,0,outdoors,grass,82.0,7.0,00-0038579,00-0036212,Aidan O'Connell,Tua Tagovailoa,Josh McDaniels,Mike McDaniel,Bill Vinovich,MIA00,Hard Rock Stadium,False
2023_11_NYG_WAS,2023,REG,11,2023-11-19,Sunday,13:00,NYG,31.0,WAS,19.0,Home,-12.0,50.0,0.0,2023111907,,,202311190was,,401547548,,7,7,310.0,-395.0,7.5,-110.0,-110.0,39.0,-110.0,-110.0,1,outdoors,grass,56.0,7.0,00-0038476,00-0037077,Tommy DeVito,Sam Howell,Brian Daboll,Ron Rivera,Brad Allen,WAS00,FedExField,True
2023_11_TB_SF,2023,REG,11,2023-11-19,Sunday,16:05,TB,14.0,SF,27.0,Home,13.0,41.0,0.0,2023111908,,,202311190sfo,,401547549,,7,7,625.0,-950.0,13.5,-110.0,-110.0,41.5,-108.0,-112.0,0,outdoors,grass,65.0,10.0,00-0034855,00-0037834,Baker Mayfield,Brock Purdy,Todd Bowles,Kyle Shanahan,Craig Wrolstad,SFO01,Levi's Stadium,False
2023_11_NYJ_BUF,2023,REG,11,2023-11-19,Sunday,16:25,NYJ,6.0,BUF,32.0,Home,26.0,38.0,0.0,2023111909,,,202311190buf,,401547543,,7,6,310.0,-395.0,8.0,-108.0,-112.0,39.5,-112.0,-108.0,1,outdoors,a_turf,40.0,9.0,00-0037013,00-0034857,Zach Wilson,Josh Allen,Robert Saleh,Sean McDermott,Alan Eck,BUF00,New Era Field,True
2023_11_SEA_LA,2023,REG,11,2023-11-19,Sunday,16:25,SEA,16.0,LA,17.0,Home,1.0,33.0,0.0,2023111910,,,202311190ram,,401547544,,7,14,114.0,-135.0,2.5,-110.0,-110.0,45.0,-108.0,-112.0,1,dome,matrixturf,,,00-0030565,00-0026498,Geno Smith,Matthew Stafford,Pete Carroll,Sean McVay,Carl Cheffers,LAX01,SoFi Stadium,True
2023_11_MIN_DEN,2023,REG,11,2023-11-19,Sunday,20:20,MIN,20.0,DEN,21.0,Home,1.0,41.0,0.0,2023111911,,,202311190den,,401547550,,7,6,120.0,-142.0,2.5,-102.0,-118.0,43.5,-115.0,-105.0,0,outdoors,grass,53.0,3.0,00-0033949,00-0029263,Joshua Dobbs,Russell Wilson,Kevin O'Connell,Sean Payton,Ron Torbert,DEN00,Empower Field at Mile High,False
2023_11_PHI_KC,2023,REG,11,2023-11-20,Monday,20:15,PHI,21.0,KC,17.0,Home,-4.0,38.0,0.0,2023112000,,,202311200kan,,401547345,,15,15,124.0,-148.0,2.5,100.0,-120.0,46.0,-108.0,-112.0,0,outdoors,grass,45.0,12.0,00-0036389,00-0033873,Jalen Hurts,Patrick Mahomes,Nick Sirianni,Andy Reid,Shawn Smith,KAN00,GEHA Field at Arrowhead Stadium,False
2023_12_GB_DET,2023,REG,12,2023-11-23,Thursday,12:30,GB,29.0,DET,22.0,Home,-7.0,51.0,0.0,2023112300,,,202311230det,,401547552,,4,4,330.0,-425.0,8.5,-105.0,-115.0,47.0,-108.0,-112.0,1,dome,fieldturf,,,00-0036264,00-0033106,Jordan Love,Jared Goff,Matt LaFleur,Dan Campbell,Carl Cheffers,DET00,Ford Field,True
2023_12_WAS_DAL,2023,REG,12,2023-11-23,Thursday,16:30,WAS,10.0,DAL,45.0,Home,35.0,55.0,0.0,2023112301,,,202311230dal,,401547551,,4,4,550.0,-800.0,13.0,-110.0,-110.0,48.0,-112.0,-110.0,1,closed,matrixturf,,,00-0037077,00-0033077,Sam Howell,Dak Prescott,Ron Rivera,Mike McCarthy,Bill Vinovich,DAL00,AT&T Stadium,True
2023_12_SF_SEA,2023,REG,12,2023-11-23,Thursday,20:20,SF,31.0,SEA,13.0,Home,-18.0,44.0,0.0,2023112302,,,202311230sea,,401547553,,4,4,-355.0,280.0,-7.0,-112.0,-108.0,43.5,-115.0,-105.0,1,outdoors,fieldturf,39.0,4.0,00-0037834,00-0030565,Brock Purdy,Geno Smith,Kyle Shanahan,Pete Carroll,Tra Blake,SEA00,Lumen Field,True
2023_12_MIA_NYJ,2023,REG,12,2023-11-24,Friday,15:00,MIA,34.0,NYJ,13.0,Home,-21.0,47.0,0.0,2023112400,,,202311240nyj,,401547242,,5,5,-500.0,380.0,-9.5,-120.0,100.0,40.0,-110.0,-110.0,1,outdoors,fieldturf,48.0,11.0,00-0036212,00-0034177,Tua Tagovailoa,Tim Boyle,Mike McDaniel,Robert Saleh,John Hussey,NYC01,MetLife Stadium,True
2023_12_NO_ATL,2023,REG,12,2023-11-26,Sunday,13:00,NO,15.0,ATL,24.0,Home,9.0,39.0,0.0,2023112600,,,202311260atl,,401547559,,14,14,-130.0,110.0,-2.0,-110.0,-110.0,42.0,-110.0,-110.0,1,closed,fieldturf,,,00-0031280,00-0038122,Derek Carr,Desmond Ridder,Dennis Allen,Arthur Smith,Brad Allen,ATL97,Mercedes-Benz Stadium,True
2023_12_PIT_CIN,2023,REG,12,2023-11-26,Sunday,13:00,PIT,16.0,CIN,10.0,Home,-6.0,26.0,0.0,2023112601,,,202311260cin,,401547554,,7,10,-135.0,114.0,-2.0,-112.0,-108.0,36.0,-108.0,-112.0,1,outdoors,fieldturf,48.0,9.0,00-0038102,00-0035100,Kenny Pickett,Jake Browning,Mike Tomlin,Zac Taylor,Brad Rogers,CIN00,Paycor Stadium,True
2023_12_JAX_HOU,2023,REG,12,2023-11-26,Sunday,13:00,JAX,24.0,HOU,21.0,Home,-3.0,45.0,0.0,2023112602,,,202311260htx,,401547555,,7,7,-115.0,-105.0,-1.0,-110.0,-110.0,48.0,-108.0,-112.0,1,closed,astroturf,,,00-0036971,00-0039163,Trevor Lawrence,C.J. Stroud,Doug Pederson,DeMeco Ryans,Clay Martin,HOU00,NRG Stadium,True
2023_12_TB_IND,2023,REG,12,2023-11-26,Sunday,13:00,TB,20.0,IND,27.0,Home,7.0,47.0,0.0,2023112603,,,202311260clt,,401547556,,7,14,130.0,-155.0,2.5,-105.0,-115.0,45.0,-112.0,-108.0,0,closed,fieldturf,,,00-0034855,00-0035289,Baker Mayfield,Gardner Minshew,Todd Bowles,Shane Steichen,Clete Blakeman,IND00,Lucas Oil Stadium,False
2023_12_NE_NYG,2023,REG,12,2023-11-26,Sunday,13:00,NE,7.0,NYG,10.0,Home,3.0,17.0,0.0,2023112604,,,202311260nyg,,401547560,,14,7,-218.0,180.0,-4.5,-108.0,-112.0,36.5,-105.0,-115.0,0,outdoors,fieldturf,43.0,6.0,00-0036972,00-0038476,Mac Jones,Tommy DeVito,Bill Belichick,Brian Daboll,Scott Novak,NYC01,MetLife Stadium,False
2023_12_CAR_TEN,2023,REG,12,2023-11-26,Sunday,13:00,CAR,10.0,TEN,17.0,Home,7.0,27.0,0.0,2023112605,,,202311260oti,,401547561,,7,7,145.0,-175.0,3.5,-112.0,-105.0,36.0,-112.0,-108.0,0,outdoors,grass,51.0,13.0,00-0039150,00-0039152,Bryce Young,Will Levis,Frank Reich,Mike Vrabel,Ron Torbert,NAS00,Nissan Stadium,False
2023_12_LA_ARI,2023,REG,12,2023-11-26,Sunday,16:05,LA,37.0,ARI,14.0,Home,-23.0,51.0,0.0,2023112606,,,202311260crd,,401547562,,7,7,-148.0,124.0,-3.0,-105.0,-115.0,45.0,-112.0,-108.0,1,closed,grass,,,00-0026498,00-0035228,Matthew Stafford,Kyler Murray,Sean McVay,Jonathan Gannon,Shawn Smith,PHO00,State Farm Stadium,True
2023_12_CLE_DEN,2023,REG,12,2023-11-26,Sunday,16:05,CLE,12.0,DEN,29.0,Home,17.0,41.0,0.0,2023112607,,,202311260den,,401547563,,7,7,105.0,-125.0,1.5,-110.0,-110.0,37.5,-110.0,-110.0,0,outdoors,grass,40.0,5.0,00-0038583,00-0029263,Dorian Thompson-Robinson,Russell Wilson,Kevin Stefanski,Sean Payton,Adrian Hill,DEN00,Empower Field at Mile High,False
2023_12_KC_LV,2023,REG,12,2023-11-26,Sunday,16:25,KC,31.0,LV,17.0,Home,-14.0,48.0,0.0,2023112608,,,202311260rai,,401547557,,6,7,-500.0,380.0,-9.0,-110.0,-110.0,42.5,-112.0,-108.0,1,dome,grass,,,00-0033873,00-0038579,Patrick Mahomes,Aidan O'Connell,Andy Reid,Josh McDaniels,Land Clark,VEG00,Allegiant Stadium,True
2023_12_BUF_PHI,2023,REG,12,2023-11-26,Sunday,16:25,BUF,34.0,PHI,37.0,Home,3.0,71.0,1.0,2023112609,,,202311260phi,,401547558,,7,6,124.0,-148.0,2.5,-105.0,-115.0,49.0,-108.0,-112.0,0,outdoors,grass,47.0,6.0,00-0034857,00-0036389,Josh Allen,Jalen Hurts,Sean McDermott,Nick Sirianni,Shawn Hochuli,PHI00,Lincoln Financial Field,False
2023_12_BAL_LAC,2023,REG,12,2023-11-26,Sunday,20:20,BAL,20.0,LAC,10.0,Home,-10.0,30.0,0.0,2023112610,,,202311260sdg,,401547564,,10,7,-170.0,142.0,-3.0,-115.0,-105.0,49.0,-110.0,-110.0,0,dome,matrixturf,,,00-0034796,00-0036355,Lamar Jackson,Justin Herbert,John Harbaugh,Brandon Staley,Alan Eck,LAX01,SoFi Stadium,False
2023_12_CHI_MIN,2023,REG,12,2023-11-27,Monday,20:15,CHI,12.0,MIN,10.0,Home,-2.0,22.0,0.0,2023112700,,,202311270min,,401547565,,8,8,140.0,-166.0,3.0,-105.0,-115.0,43.5,-110.0,-110.0,1,dome,sportturf,,,00-0036945,00-0033949,Justin Fields,Joshua Dobbs,Matt Eberflus,Kevin O'Connell,Alex Kemp,MIN01,U.S. Bank Stadium,True
2023_13_SEA_DAL,2023,REG,13,2023-11-30,Thursday,20:15,SEA,35.0,DAL,41.0,Home,6.0,76.0,0.0,2023113000,,,202311300dal,,401547566,,7,7,380.0,-500.0,9.5,-102.0,-118.0,47.5,-110.0,-110.0,0,closed,matrixturf,,,00-0030565,00-0033077,Geno Smith,Dak Prescott,Pete Carroll,Mike McCarthy,Clete Blakeman,DAL00,AT&T Stadium,False
2023_13_DEN_HOU,2023,REG,13,2023-12-03,Sunday,13:00,DEN,17.0,HOU,22.0,Home,5.0,39.0,0.0,2023120307,,,202312030htx,,401547571,,7,7,142.0,-170.0,3.5,-122.0,102.0,47.5,-110.0,-110.0,0,closed,astroturf,,,00-0029263,00-0039163,Russell Wilson,C.J. Stroud,Sean Payton,DeMeco Ryans,Shawn Smith,HOU00,NRG Stadium,False
2023_13_LAC_NE,2023,REG,13,2023-12-03,Sunday,13:00,LAC,6.0,NE,0.0,Home,-6.0,6.0,0.0,2023120300,,,202312030nwe,,401547567,,7,7,-225.0,185.0,-4.5,-110.0,-110.0,38.5,-108.0,-112.0,0,outdoors,fieldturf,44.0,8.0,00-0036355,00-0036972,Justin Herbert,Mac Jones,Brandon Staley,Bill Belichick,Bill Vinovich,BOS00,Gillette Stadium,False
2023_13_DET_NO,2023,REG,13,2023-12-03,Sunday,13:00,DET,33.0,NO,28.0,Home,-5.0,61.0,0.0,2023120301,,,202312030nor,,401547572,,10,7,-198.0,164.0,-4.0,-110.0,-110.0,47.5,-108.0,-112.0,0,dome,sportturf,,,00-0033106,00-0031280,Jared Goff,Derek Carr,Dan Campbell,Dennis Allen,Clay Martin,NOR00,Mercedes-Benz Superdome,False
2023_13_ATL_NYJ,2023,REG,13,2023-12-03,Sunday,13:00,ATL,13.0,NYJ,8.0,Home,-5.0,21.0,0.0,2023120302,,,202312030nyj,,401547573,,7,9,-125.0,105.0,-2.0,-108.0,-112.0,33.0,-110.0,-110.0,0,outdoors,fieldturf,50.0,8.0,00-0038122,00-0034177,Desmond Ridder,Tim Boyle,Arthur Smith,Robert Saleh,Ron Torbert,NYC01,MetLife Stadium,False
2023_13_ARI_PIT,2023,REG,13,2023-12-03,Sunday,13:00,ARI,24.0,PIT,10.0,Home,-14.0,34.0,0.0,2023120303,,,202312030pit,,401547568,,7,7,230.0,-285.0,6.0,-105.0,-115.0,41.0,-112.0,-108.0,0,outdoors,grass,56.0,12.0,00-0035228,00-0038102,Kyler Murray,Kenny Pickett,Jonathan Gannon,Mike Tomlin,Land Clark,PIT00,Acrisure Stadium,False
2023_13_IND_TEN,2023,REG,13,2023-12-03,Sunday,13:00,IND,31.0,TEN,28.0,Home,-3.0,59.0,1.0,2023120305,,,202312030oti,,401547570,,7,7,-122.0,102.0,-1.5,-110.0,-110.0,42.0,-108.0,-112.0,1,outdoors,grass,53.0,13.0,00-0035289,00-0039152,Gardner Minshew,Will Levis,Shane Steichen,Mike Vrabel,Craig Wrolstad,NAS00,Nissan Stadium,True
2023_13_MIA_WAS,2023,REG,13,2023-12-03,Sunday,13:00,MIA,45.0,WAS,15.0,Home,-30.0,60.0,0.0,2023120306,,,202312030was,,401547574,,9,10,-455.0,350.0,-8.5,-112.0,-108.0,50.0,-110.0,-110.0,0,outdoors,grass,53.0,2.0,00-0036212,00-0037077,Tua Tagovailoa,Sam Howell,Mike McDaniel,Ron Rivera,Tra Blake,WAS00,FedExField,False
2023_13_CAR_TB,2023,REG,13,2023-12-03,Sunday,16:05,CAR,18.0,TB,21.0,Home,3.0,39.0,0.0,2023120304,,,202312030tam,,401547569,,7,7,164.0,-198.0,4.0,-110.0,-110.0,37.0,-110.0,-110.0,1,outdoors,grass,81.0,8.0,00-0039150,00-0034855,Bryce Young,Baker Mayfield,Frank Reich,Todd Bowles,Brad Rogers,TAM00,Raymond James Stadium,True
2023_13_CLE_LA,2023,REG,13,2023-12-03,Sunday,16:25,CLE,19.0,LA,36.0,Home,17.0,55.0,0.0,2023120308,,,202312030ram,,401547575,,7,7,160.0,-192.0,3.5,-110.0,-110.0,39.5,-110.0,-110.0,0,dome,matrixturf,,,00-0026158,00-0026498,Joe Flacco,Matthew Stafford,Kevin Stefanski,Sean McVay,John Hussey,LAX01,SoFi Stadium,False
2023_13_SF_PHI,2023,REG,13,2023-12-03,Sunday,16:25,SF,42.0,PHI,19.0,Home,-23.0,61.0,0.0,2023120309,,,202312030phi,,401547276,,10,7,-148.0,124.0,-3.0,-105.0,-115.0,46.5,-108.0,-112.0,0,outdoors,grass,52.0,44.0,00-0037834,00-0036389,Brock Purdy,Jalen Hurts,Kyle Shanahan,Nick Sirianni,Alex Kemp,PHI00,Lincoln Financial Field,False
2023_13_KC_GB,2023,REG,13,2023-12-03,Sunday,20:20,KC,19.0,GB,27.0,Home,8.0,46.0,0.0,2023120310,,,202312030gnb,,401547576,,7,10,-265.0,215.0,-5.5,-118.0,-102.0,43.5,-105.0,-115.0,0,outdoors,grass,31.0,9.0,00-0033873,00-0036264,Patrick Mahomes,Jordan Love,Andy Reid,Matt LaFleur,Brad Allen,GNB00,Lambeau Field,False
2023_13_CIN_JAX,2023,REG,13,2023-12-04,Monday,20:15,CIN,34.0,JAX,31.0,Home,-3.0,65.0,1.0,2023120400,,,202312040jax,,401547577,,8,8,410.0,-550.0,10.0,-105.0,-115.0,41.0,-105.0,-115.0,0,outdoors,grass,61.0,4.0,00-0035100,00-0036971,Jake Browning,Trevor Lawrence,Zac Taylor,Doug Pederson,Scott Novak,JAX00,TIAA Bank Stadium,False
2023_14_NE_PIT,2023,REG,14,2023-12-07,Thursday,20:15,NE,,PIT,,Home,,,,2023120700,,,202312070pit,,401547578,,4,4,210.0,-258.0,6.0,-112.0,-108.0,30.0,-115.0,-105.0,0,outdoors,grass,,,00-0038108,00-0033869,Bailey Zappe,Mitchell Trubisky,Bill Belichick,Mike Tomlin,,PIT00,Acrisure Stadium,False
2023_14_TB_ATL,2023,REG,14,2023-12-10,Sunday,13:00,TB,,ATL,,Home,,,,2023121000,,,202312100atl,,401547579,,7,7,-102.0,-118.0,1.0,-110.0,-110.0,39.5,-112.0,-108.0,1,,fieldturf,,,00-0034855,00-0038122,Baker Mayfield,Desmond Ridder,Todd Bowles,Arthur Smith,,ATL97,Mercedes-Benz Stadium,True
2023_14_LA_BAL,2023,REG,14,2023-12-10,Sunday,13:00,LA,,BAL,,Home,,,,2023121001,,,202312100rav,,401547585,,7,14,275.0,-345.0,7.0,-105.0,-115.0,40.0,-110.0,-110.0,0,outdoors,grass,,,00-0026498,00-0034796,Matthew Stafford,Lamar Jackson,Sean McVay,John Harbaugh,,BAL00,M&T Bank Stadium,False
2023_14_DET_CHI,2023,REG,14,2023-12-10,Sunday,13:00,DET,,CHI,,Home,,,,2023121002,,,202312100chi,,401547586,,7,13,-180.0,150.0,-3.5,100.0,-120.0,43.5,-112.0,-108.0,1,outdoors,grass,,,00-0033106,00-0036945,Jared Goff,Justin Fields,Dan Campbell,Matt Eberflus,,CHI98,Soldier Field,True
2023_14_IND_CIN,2023,REG,14,2023-12-10,Sunday,13:00,IND,,CIN,,Home,,,,2023121003,,,202312100cin,,401547580,,7,6,-112.0,-108.0,-1.0,-108.0,-112.0,44.0,-110.0,-110.0,0,outdoors,fieldturf,,,00-0035289,00-0035100,Gardner Minshew,Jake Browning,Shane Steichen,Zac Taylor,,CIN00,Paycor Stadium,False
2023_14_JAX_CLE,2023,REG,14,2023-12-10,Sunday,13:00,JAX,,CLE,,Home,,,,2023121004,,,202312100cle,,401547581,,6,7,140.0,-166.0,3.5,-115.0,-105.0,30.5,-110.0,-110.0,0,outdoors,grass,,,00-0036971,00-0038583,Trevor Lawrence,Dorian Thompson-Robinson,Doug Pederson,Kevin Stefanski,,CLE00,FirstEnergy Stadium,False
2023_14_CAR_NO,2023,REG,14,2023-12-10,Sunday,13:00,CAR,,NO,,Home,,,,2023121005,,,202312100nor,,401547587,,7,7,190.0,-230.0,5.0,-110.0,-110.0,37.5,-110.0,-110.0,1,dome,sportturf,,,00-0039150,00-0031280,Bryce Young,Derek Carr,Frank Reich,Dennis Allen,,NOR00,Mercedes-Benz Superdome,True
2023_14_HOU_NYJ,2023,REG,14,2023-12-10,Sunday,13:00,HOU,,NYJ,,Home,,,,2023121006,,,202312100nyj,,401547582,,7,7,-192.0,160.0,-3.5,-112.0,-108.0,33.0,-110.0,-110.0,0,outdoors,fieldturf,,,00-0039163,00-0037013,C.J. Stroud,Zach Wilson,DeMeco Ryans,Robert Saleh,,NYC01,MetLife Stadium,False
2023_14_MIN_LV,2023,REG,14,2023-12-10,Sunday,16:05,MIN,,LV,,Home,,,,2023121007,,,202312100rai,,401547588,,13,14,-155.0,130.0,-3.0,-110.0,-110.0,40.0,-108.0,-112.0,0,dome,grass,,,00-0033949,00-0038579,Joshua Dobbs,Aidan O'Connell,Kevin O'Connell,Josh McDaniels,,VEG00,Allegiant Stadium,False
2023_14_SEA_SF,2023,REG,14,2023-12-10,Sunday,16:05,SEA,,SF,,Home,,,,2023121008,,,202312100sfo,,401547589,,10,7,440.0,-600.0,10.5,-110.0,-110.0,47.0,-110.0,-110.0,1,outdoors,grass,,,00-0030565,00-0037834,Geno Smith,Brock Purdy,Pete Carroll,Kyle Shanahan,,SFO01,Levi's Stadium,True
2023_14_BUF_KC,2023,REG,14,2023-12-10,Sunday,16:25,BUF,,KC,,Home,,,,2023121009,,,202312100kan,,401547583,,14,7,100.0,-120.0,1.5,-112.0,-108.0,48.5,-108.0,-112.0,0,outdoors,grass,,,00-0034857,00-0033873,Josh Allen,Patrick Mahomes,Sean McDermott,Andy Reid,,KAN00,GEHA Field at Arrowhead Stadium,False
2023_14_DEN_LAC,2023,REG,14,2023-12-10,Sunday,16:25,DEN,,LAC,,Home,,,,2023121010,,,202312100sdg,,401547584,,7,7,120.0,-142.0,2.5,-105.0,-115.0,44.0,-110.0,-110.0,1,dome,matrixturf,,,00-0029263,00-0036355,Russell Wilson,Justin Herbert,Sean Payton,Brandon Staley,,LAX01,SoFi Stadium,True
2023_14_PHI_DAL,2023,REG,14,2023-12-10,Sunday,20:20,PHI,,DAL,,Home,,,,2023121011,,,202312100dal,,401547590,,7,10,160.0,-192.0,3.5,-115.0,-105.0,52.0,-112.0,-108.0,1,,matrixturf,,,00-0036389,00-0033077,Jalen Hurts,Dak Prescott,Nick Sirianni,Mike McCarthy,,DAL00,AT&T Stadium,True
2023_14_TEN_MIA,2023,REG,14,2023-12-11,Monday,20:15,TEN,,MIA,,Home,,,,2023121100,,,202312110mia,,401547592,,8,8,575.0,-850.0,13.0,-108.0,-112.0,46.5,-112.0,-108.0,0,outdoors,grass,,,00-0039152,00-0036212,Will Levis,Tua Tagovailoa,Mike Vrabel,Mike McDaniel,,MIA00,Hard Rock Stadium,False
2023_14_GB_NYG,2023,REG,14,2023-12-11,Monday,20:15,GB,,NYG,,Home,,,,2023121101,,,202312110nyg,,401547591,,8,15,-285.0,230.0,-6.5,-112.0,-108.0,36.5,-110.0,-110.0,0,outdoors,fieldturf,,,00-0036264,00-0038476,Jordan Love,Tommy DeVito,Matt LaFleur,Brian Daboll,,NYC01,MetLife Stadium,False
2023_15_LAC_LV,2023,REG,15,2023-12-14,Thursday,20:15,LAC,,LV,,Home,,,,2023121400,,,202312140rai,,401547593,,4,4,,,-4.0,-110.0,-110.0,42.5,-110.0,-110.0,1,dome,grass,,,00-0036355,00-0038579,Justin Herbert,Aidan O'Connell,Brandon Staley,Josh McDaniels,,VEG00,Allegiant Stadium,True
2023_15_ATL_CAR,2023,REG,15,2023-12-17,Sunday,13:00,ATL,,CAR,,Home,,,,2022121700,,,202212170car,,401547603,,13,6,-130.0,110.0,-2.5,-110.0,-110.0,35.0,-110.0,-110.0,1,outdoors,grass,,,00-0038122,00-0039150,Desmond Ridder,Bryce Young,Arthur Smith,Frank Reich,,CAR00,Bank of America Stadium,True
2023_15_MIN_CIN,2023,REG,15,2023-12-17,Sunday,13:00,MIN,,CIN,,Home,,,,2022121701,,,202212170cin,,401547604,,6,6,-118.0,-102.0,-1.0,-110.0,-110.0,40.5,-110.0,-110.0,0,outdoors,fieldturf,,,00-0033949,00-0035100,Joshua Dobbs,Jake Browning,Kevin O'Connell,Zac Taylor,,CIN00,Paycor Stadium,False
2023_15_CHI_CLE,2023,REG,15,2023-12-17,Sunday,13:00,CHI,,CLE,,Home,,,,2022121702,,,202212170cle,,401547605,,13,6,124.0,-148.0,2.5,100.0,-120.0,37.5,-110.0,-110.0,0,outdoors,grass,,,00-0036945,00-0038583,Justin Fields,Dorian Thompson-Robinson,Matt Eberflus,Kevin Stefanski,,CLE00,FirstEnergy Stadium,False
2023_15_DEN_DET,2023,REG,15,2023-12-17,Sunday,13:00,DEN,,DET,,Home,,,,2022121703,,,202212170det,,401547606,,6,6,170.0,-205.0,4.5,-110.0,-110.0,47.5,-110.0,-110.0,0,dome,fieldturf,,,00-0029263,00-0033106,Russell Wilson,Jared Goff,Sean Payton,Dan Campbell,,DET00,Ford Field,False
2023_15_TB_GB,2023,REG,15,2023-12-17,Sunday,13:00,TB,,GB,,Home,,,,2023121700,,,202312170gnb,,401547598,,7,6,150.0,-180.0,3.5,-110.0,-110.0,43.5,-110.0,-110.0,0,outdoors,grass,,,00-0034855,00-0036264,Baker Mayfield,Jordan Love,Todd Bowles,Matt LaFleur,,GNB00,Lambeau Field,False
2023_15_PIT_IND,2023,REG,15,2023-12-17,Sunday,13:00,PIT,,IND,,Home,,,,2022121704,,,202212170clt,,401547607,,6,13,110.0,-130.0,2.5,-110.0,-110.0,39.0,-110.0,-110.0,0,,fieldturf,,,00-0033869,00-0035289,Mitchell Trubisky,Gardner Minshew,Mike Tomlin,Shane Steichen,,IND00,Lucas Oil Stadium,False
2023_15_NYJ_MIA,2023,REG,15,2023-12-17,Sunday,13:00,NYJ,,MIA,,Home,,,,2023121701,,,202312170mia,,401547594,,7,6,525.0,-750.0,13.5,-110.0,-110.0,40.5,-110.0,-110.0,1,outdoors,grass,,,00-0037013,00-0036212,Zach Wilson,Tua Tagovailoa,Robert Saleh,Mike McDaniel,,MIA00,Hard Rock Stadium,True
2023_15_NYG_NO,2023,REG,15,2023-12-17,Sunday,13:00,NYG,,NO,,Home,,,,2023121702,,,202312170nor,,401547599,,6,7,195.0,-238.0,6.0,-110.0,-110.0,36.5,-110.0,-110.0,0,dome,sportturf,,,00-0038476,00-0031280,Tommy DeVito,Derek Carr,Brian Daboll,Dennis Allen,,NOR00,Mercedes-Benz Superdome,False
2023_15_HOU_TEN,2023,REG,15,2023-12-17,Sunday,13:00,HOU,,TEN,,Home,,,,2023121703,,,202312170oti,,401547595,,7,6,,,-3.5,-110.0,-110.0,42.5,-110.0,-110.0,1,outdoors,grass,,,00-0039163,00-0039152,C.J. Stroud,Will Levis,DeMeco Ryans,Mike Vrabel,,NAS00,Nissan Stadium,True
2023_15_SF_ARI,2023,REG,15,2023-12-17,Sunday,16:05,SF,,ARI,,Home,,,,2023121704,,,202312170crd,,401547596,,7,14,-700.0,500.0,-13.5,-110.0,-110.0,46.0,-110.0,-110.0,1,,grass,,,00-0037834,00-0035228,Brock Purdy,Kyler Murray,Kyle Shanahan,Jonathan Gannon,,PHO00,State Farm Stadium,True
2023_15_WAS_LA,2023,REG,15,2023-12-17,Sunday,16:05,WAS,,LA,,Home,,,,2023121705,,,202312170ram,,401547597,,14,7,195.0,-238.0,5.5,-110.0,-110.0,45.5,-110.0,-110.0,0,dome,matrixturf,,,00-0037077,00-0026498,Sam Howell,Matthew Stafford,Ron Rivera,Sean McVay,,LAX01,SoFi Stadium,False
2023_15_DAL_BUF,2023,REG,15,2023-12-17,Sunday,16:25,DAL,,BUF,,Home,,,,2023121706,,,202312170buf,,401547600,,7,7,-105.0,-115.0,1.0,-110.0,-110.0,49.0,-110.0,-110.0,0,outdoors,a_turf,,,00-0033077,00-0034857,Dak Prescott,Josh Allen,Mike McCarthy,Sean McDermott,,BUF00,New Era Field,False
2023_15_PHI_SEA,2023,REG,15,2023-12-17,Sunday,16:25,PHI,,SEA,,Home,,,,2023121707,,,202312170sea,,401547601,,7,7,-192.0,160.0,-4.0,-110.0,-110.0,47.0,-110.0,-110.0,0,outdoors,fieldturf,,,00-0036389,00-0030565,Jalen Hurts,Geno Smith,Nick Sirianni,Pete Carroll,,SEA00,Lumen Field,False
2023_15_BAL_JAX,2023,REG,15,2023-12-17,Sunday,20:20,BAL,,JAX,,Home,,,,2023121708,,,202312170jax,,401547602,,7,7,-218.0,180.0,-5.5,-110.0,-110.0,39.5,-110.0,-110.0,0,outdoors,grass,,,00-0034796,00-0036971,Lamar Jackson,Trevor Lawrence,John Harbaugh,Doug Pederson,,JAX00,TIAA Bank Stadium,False
2023_15_KC_NE,2023,REG,15,2023-12-18,Monday,20:15,KC,,NE,,Home,,,,2023121800,,,202312180nwe,,401547608,,8,11,-455.0,350.0,-10.0,-110.0,-110.0,37.5,-110.0,-110.0,0,outdoors,fieldturf,,,00-0033873,00-0038108,Patrick Mahomes,Bailey Zappe,Andy Reid,Bill Belichick,,BOS00,Gillette Stadium,False
2023_16_NO_LA,2023,REG,16,2023-12-21,Thursday,20:15,NO,,LA,,Home,,,,2023122100,,,202312210ram,,401547609,,4,4,,,,,,,,,0,dome,matrixturf,,,,,,,Dennis Allen,Sean McVay,,LAX01,SoFi Stadium,False
2023_16_CIN_PIT,2023,REG,16,2023-12-23,Saturday,16:30,CIN,,PIT,,Home,,,,2023122300,,,202312230pit,,401547610,,13,16,,,,,,,,,1,outdoors,grass,,,,,,,Zac Taylor,Mike Tomlin,,PIT00,Acrisure Stadium,True
2023_16_BUF_LAC,2023,REG,16,2023-12-23,Saturday,20:00,BUF,,LAC,,Home,,,,2023122301,,,202312230sdg,,401547611,,6,9,,,,,,,,,0,dome,matrixturf,,,,,,,Sean McDermott,Brandon Staley,,LAX01,SoFi Stadium,False
2023_16_IND_ATL,2023,REG,16,2023-12-24,Sunday,13:00,IND,,ATL,,Home,,,,2023122400,,,202312240atl,,401547616,,14,14,,,,,,,,,0,,fieldturf,,,,,,,Shane Steichen,Arthur Smith,,ATL97,Mercedes-Benz Stadium,False
2023_16_GB_CAR,2023,REG,16,2023-12-24,Sunday,13:00,GB,,CAR,,Home,,,,2023122401,,,202312240car,,401547617,,7,14,,,,,,,,,0,outdoors,grass,,,,,,,Matt LaFleur,Frank Reich,,CAR00,Bank of America Stadium,False
2023_16_CLE_HOU,2023,REG,16,2023-12-24,Sunday,13:00,CLE,,HOU,,Home,,,,2023122402,,,202312240htx,,401547612,,14,7,,,,,,,,,0,,astroturf,,,,,,,Kevin Stefanski,DeMeco Ryans,,HOU00,NRG Stadium,False
2023_16_DET_MIN,2023,REG,16,2023-12-24,Sunday,13:00,DET,,MIN,,Home,,,,2023122403,,,202312240min,,401547618,,14,14,,,,,,,,,1,dome,sportturf,,,,,,,Dan Campbell,Kevin O'Connell,,MIN01,U.S. Bank Stadium,True
2023_16_WAS_NYJ,2023,REG,16,2023-12-24,Sunday,13:00,WAS,,NYJ,,Home,,,,2023122404,,,202312240nyj,,401547613,,7,7,,,,,,,,,0,outdoors,fieldturf,,,,,,,Ron Rivera,Robert Saleh,,NYC01,MetLife Stadium,False
2023_16_SEA_TEN,2023,REG,16,2023-12-24,Sunday,13:00,SEA,,TEN,,Home,,,,2023122405,,,202312240oti,,401547614,,7,7,,,,,,,,,0,outdoors,grass,,,,,,,Pete Carroll,Mike Vrabel,,NAS00,Nissan Stadium,False
2023_16_JAX_TB,2023,REG,16,2023-12-24,Sunday,16:05,JAX,,TB,,Home,,,,2023122406,,,202312240tam,,401547615,,7,7,,,,,,,,,0,outdoors,grass,,,,,,,Doug Pederson,Todd Bowles,,TAM00,Raymond James Stadium,False
2023_16_ARI_CHI,2023,REG,16,2023-12-24,Sunday,16:25,ARI,,CHI,,Home,,,,2023122407,,,202312240chi,,401547619,,7,14,,,,,,,,,0,outdoors,grass,,,,,,,Jonathan Gannon,Matt Eberflus,,CHI98,Soldier Field,False
2023_16_DAL_MIA,2023,REG,16,2023-12-24,Sunday,16:25,DAL,,MIA,,Home,,,,2023122408,,,202312240mia,,401547620,,7,7,,,,,,,,,0,outdoors,grass,,,,,,,Mike McCarthy,Mike McDaniel,,MIA00,Hard Rock Stadium,False
2023_16_NE_DEN,2023,REG,16,2023-12-24,Sunday,20:15,NE,,DEN,,Home,,,,2023122409,,,202312240den,,401547621,,6,14,,,,,,,,,0,outdoors,grass,,,,,,,Bill Belichick,Sean Payton,,DEN00,Empower Field at Mile High,False
2023_16_LV_KC,2023,REG,16,2023-12-25,Monday,13:00,LV,,KC,,Home,,,,2023122500,,,202312250kan,,401547351,,11,7,,,,,,,,,1,outdoors,grass,,,,,,,Josh McDaniels,Andy Reid,,KAN00,GEHA Field at Arrowhead Stadium,True
2023_16_NYG_PHI,2023,REG,16,2023-12-25,Monday,16:30,NYG,,PHI,,Home,,,,2023122501,,,202312250phi,,401547241,,8,8,,,,,,,,,1,outdoors,grass,,,,,,,Brian Daboll,Nick Sirianni,,PHI00,Lincoln Financial Field,True
2023_16_BAL_SF,2023,REG,16,2023-12-25,Monday,20:15,BAL,,SF,,Home,,,,2023122502,,,202312250sfo,,401547622,,8,8,,,,,,,,,0,outdoors,grass,,,,,,,John Harbaugh,Kyle Shanahan,,SFO01,Levi's Stadium,False
2023_17_NYJ_CLE,2023,REG,17,2023-12-28,Thursday,20:15,NYJ,,CLE,,Home,,,,2023122800,,,202312280cle,,401547623,,4,4,,,,,,,,,0,outdoors,grass,,,,,,,Robert Saleh,Kevin Stefanski,,CLE00,FirstEnergy Stadium,False
2023_17_DET_DAL,2023,REG,17,2023-12-30,Saturday,20:15,DET,,DAL,,Home,,,,2023123000,,,202312300dal,,401547624,,6,6,,,,,,,,,0,,matrixturf,,,,,,,Dan Campbell,Mike McCarthy,,DAL00,AT&T Stadium,False
2023_17_MIA_BAL,2023,REG,17,2023-12-31,Sunday,13:00,MIA,,BAL,,Home,,,,2023123100,,,202312310rav,,401547625,,7,6,,,,,,,,,0,outdoors,grass,,,,,,,Mike McDaniel,John Harbaugh,,BAL00,M&T Bank Stadium,False
2023_17_NE_BUF,2023,REG,17,2023-12-31,Sunday,13:00,NE,,BUF,,Home,,,,2023123101,,,202312310buf,,401547626,,7,8,,,,,,,,,1,outdoors,a_turf,,,,,,,Bill Belichick,Sean McDermott,,BUF00,New Era Field,True
2023_17_ATL_CHI,2023,REG,17,2023-12-31,Sunday,13:00,ATL,,CHI,,Home,,,,2023123102,,,202312310chi,,401547627,,7,7,,,,,,,,,0,outdoors,grass,,,,,,,Arthur Smith,Matt Eberflus,,CHI98,Soldier Field,False
2023_17_TEN_HOU,2023,REG,17,2023-12-31,Sunday,13:00,TEN,,HOU,,Home,,,,2023123103,,,202312310htx,,401547631,,7,7,,,,,,,,,1,,astroturf,,,,,,,Mike Vrabel,DeMeco Ryans,,HOU00,NRG Stadium,True
2023_17_LV_IND,2023,REG,17,2023-12-31,Sunday,13:00,LV,,IND,,Home,,,,2023123104,,,202312310clt,,401547628,,6,7,,,,,,,,,0,,fieldturf,,,,,,,Josh McDaniels,Shane Steichen,,IND00,Lucas Oil Stadium,False
2023_17_CAR_JAX,2023,REG,17,2023-12-31,Sunday,13:00,CAR,,JAX,,Home,,,,2023123105,,,202312310jax,,401547629,,7,7,,,,,,,,,0,outdoors,grass,,,,,,,Frank Reich,Doug Pederson,,JAX00,TIAA Bank Stadium,False
2023_17_LA_NYG,2023,REG,17,2023-12-31,Sunday,13:00,LA,,NYG,,Home,,,,2023123106,,,202312310nyg,,401547632,,10,6,,,,,,,,,0,outdoors,fieldturf,,,,,,,Sean McVay,Brian Daboll,,NYC01,MetLife Stadium,False
2023_17_ARI_PHI,2023,REG,17,2023-12-31,Sunday,13:00,ARI,,PHI,,Home,,,,2023123107,,,202312310phi,,401547633,,7,6,,,,,,,,,0,outdoors,grass,,,,,,,Jonathan Gannon,Nick Sirianni,,PHI00,Lincoln Financial Field,False
2023_17_NO_TB,2023,REG,17,2023-12-31,Sunday,13:00,NO,,TB,,Home,,,,2023123108,,,202312310tam,,401547634,,10,7,,,,,,,,,1,outdoors,grass,,,,,,,Dennis Allen,Todd Bowles,,TAM00,Raymond James Stadium,True
2023_17_SF_WAS,2023,REG,17,2023-12-31,Sunday,13:00,SF,,WAS,,Home,,,,2023123109,,,202312310was,,401547635,,6,7,,,,,,,,,0,outdoors,grass,,,,,,,Kyle Shanahan,Ron Rivera,,WAS00,FedExField,False
2023_17_PIT_SEA,2023,REG,17,2023-12-31,Sunday,16:05,PIT,,SEA,,Home,,,,2023123110,,,202312310sea,,401547636,,8,7,,,,,,,,,0,outdoors,fieldturf,,,,,,,Mike Tomlin,Pete Carroll,,SEA00,Lumen Field,False
2023_17_LAC_DEN,2023,REG,17,2023-12-31,Sunday,16:25,LAC,,DEN,,Home,,,,2023123111,,,202312310den,,401547630,,8,7,,,,,,,,,1,outdoors,grass,,,,,,,Brandon Staley,Sean Payton,,DEN00,Empower Field at Mile High,True
2023_17_CIN_KC,2023,REG,17,2023-12-31,Sunday,16:25,CIN,,KC,,Home,,,,2023123112,,,202312310kan,,401547235,,8,6,,,,,,,,,0,outdoors,grass,,,,,,,Zac Taylor,Andy Reid,,KAN00,GEHA Field at Arrowhead Stadium,False
2023_17_GB_MIN,2023,REG,17,2023-12-31,Sunday,20:20,GB,,MIN,,Home,,,,2023123113,,,202312310min,,401547637,,7,7,,,,,,,,,1,dome,sportturf,,,,,,,Matt LaFleur,Kevin O'Connell,,MIN01,U.S. Bank Stadium,True
2023_18_SEA_ARI,2023,REG,18,2024-01-07,Sunday,13:00,SEA,,ARI,,Home,,,,2022121700,,,202212170crd,,401547638,,2,5,,,,,,,,,1,,grass,,,,,,,Pete Carroll,Jonathan Gannon,,PHO00,State Farm Stadium,True
2023_18_PIT_BAL,2023,REG,18,2024-01-07,Sunday,13:00,PIT,,BAL,,Home,,,,2022121701,,,202212170rav,,401547639,,6,6,,,,,,,,,1,outdoors,grass,,,,,,,Mike Tomlin,John Harbaugh,,BAL00,M&T Bank Stadium,True
2023_18_TB_CAR,2023,REG,18,2024-01-07,Sunday,13:00,TB,,CAR,,Home,,,,2022121702,,,202212170car,,401547640,,6,6,,,,,,,,,1,outdoors,grass,,,,,,,Todd Bowles,Frank Reich,,CAR00,Bank of America Stadium,True
2023_18_CLE_CIN,2023,REG,18,2024-01-07,Sunday,13:00,CLE,,CIN,,Home,,,,2022121703,,,202212170cin,,401547641,,6,6,,,,,,,,,1,outdoors,fieldturf,,,,,,,Kevin Stefanski,Zac Taylor,,CIN00,Paycor Stadium,True
2023_18_MIN_DET,2023,REG,18,2024-01-07,Sunday,13:00,MIN,,DET,,Home,,,,2022121704,,,202212170det,,401547642,,6,6,,,,,,,,,1,dome,fieldturf,,,,,,,Kevin O'Connell,Dan Campbell,,DET00,Ford Field,True
2023_18_CHI_GB,2023,REG,18,2024-01-07,Sunday,13:00,CHI,,GB,,Home,,,,2022121705,,,202212170gnb,,401547643,,13,13,,,,,,,,,1,outdoors,grass,,,,,,,Matt Eberflus,Matt LaFleur,,GNB00,Lambeau Field,True
2023_18_HOU_IND,2023,REG,18,2024-01-07,Sunday,13:00,HOU,,IND,,Home,,,,2022121706,,,202212170clt,,401547644,,6,13,,,,,,,,,1,,fieldturf,,,,,,,DeMeco Ryans,Shane Steichen,,IND00,Lucas Oil Stadium,True
2023_18_KC_LAC,2023,REG,18,2024-01-07,Sunday,13:00,KC,,LAC,,Home,,,,2022121707,,,202212170sdg,,401547645,,6,6,,,,,,,,,1,dome,matrixturf,,,,,,,Andy Reid,Brandon Staley,,LAX01,SoFi Stadium,True
2023_18_DEN_LV,2023,REG,18,2024-01-07,Sunday,13:00,DEN,,LV,,Home,,,,2022121708,,,202212170rai,,401547646,,6,9,,,,,,,,,1,dome,grass,,,,,,,Sean Payton,Josh McDaniels,,VEG00,Allegiant Stadium,True
2023_18_BUF_MIA,2023,REG,18,2024-01-07,Sunday,13:00,BUF,,MIA,,Home,,,,2022121709,,,202212170mia,,401547647,,6,6,,,,,,,,,1,outdoors,grass,,,,,,,Sean McDermott,Mike McDaniel,,MIA00,Hard Rock Stadium,True
2023_18_NYJ_NE,2023,REG,18,2024-01-07,Sunday,13:00,NYJ,,NE,,Home,,,,2022121710,,,202212170nwe,,401547648,,6,5,,,,,,,,,1,outdoors,fieldturf,,,,,,,Robert Saleh,Bill Belichick,,BOS00,Gillette Stadium,True
2023_18_ATL_NO,2023,REG,18,2024-01-07,Sunday,13:00,ATL,,NO,,Home,,,,2022121711,,,202212170nor,,401547649,,13,12,,,,,,,,,1,dome,sportturf,,,,,,,Arthur Smith,Dennis Allen,,NOR00,Mercedes-Benz Superdome,True
2023_18_PHI_NYG,2023,REG,18,2024-01-07,Sunday,13:00,PHI,,NYG,,Home,,,,2022121712,,,202212170nyg,,401547650,,6,6,,,,,,,,,1,outdoors,fieldturf,,,,,,,Nick Sirianni,Brian Daboll,,NYC01,MetLife Stadium,True
2023_18_LA_SF,2023,REG,18,2024-01-07,Sunday,13:00,LA,,SF,,Home,,,,2022121713,,,202212170sfo,,401547651,,9,2,,,,,,,,,1,outdoors,grass,,,,,,,Sean McVay,Kyle Shanahan,,SFO01,Levi's Stadium,True
2023_18_JAX_TEN,2023,REG,18,2024-01-07,Sunday,13:00,JAX,,TEN,,Home,,,,2022121714,,,202212170oti,,401547652,,6,6,,,,,,,,,1,outdoors,grass,,,,,,,Doug Pederson,Mike Vrabel,,NAS00,Nissan Stadium,True
2023_18_DAL_WAS,2023,REG,18,2024-01-07,Sunday,13:00,DAL,,WAS,,Home,,,,2022121715,,,202212170was,,401547653,,6,13,,,,,,,,,1,outdoors,grass,,,,,,,Mike McCarthy,Ron Rivera,,WAS00,FedExField,True
